Date,Asset,Return
2007-09-28,NIFTY 50,0.03799450142934968
2007-10-05,NIFTY 50,0.032760113674762836
2007-10-12,NIFTY 50,0.0467425586507606
2007-10-19,NIFTY 50,-0.03922999038594388
2007-10-26,NIFTY 50,0.09337909961806701
2007-11-02,NIFTY 50,0.04035215711862428
2007-11-09,NIFTY 50,-0.03938539312756717
2007-11-16,NIFTY 50,0.036516797132046586
2007-11-23,NIFTY 50,-0.05049222429367917
2007-11-30,NIFTY 50,0.02748455936592209
2007-12-07,NIFTY 50,0.03670987023339545
2007-12-14,NIFTY 50,0.01228602397345524
2007-12-21,NIFTY 50,-0.046497046187979785
2007-12-28,NIFTY 50,0.05431374235888331
2008-01-04,NIFTY 50,0.03200809301830998
2008-01-11,NIFTY 50,-0.01182597410723274
2008-01-18,NIFTY 50,-0.07980521042810151
2008-01-25,NIFTY 50,-0.056429936734741726
2008-02-01,NIFTY 50,-0.012278617674341463
2008-02-08,NIFTY 50,-0.03703040149395831
2008-02-15,NIFTY 50,0.035651820911827725
2008-02-22,NIFTY 50,-0.03623487259467684
2008-02-29,NIFTY 50,0.022061341290417147
2008-03-07,NIFTY 50,-0.08651285581387003
2008-03-14,NIFTY 50,-0.00540705265334851
2008-03-21,NIFTY 50,-0.036210884665902165
2008-03-28,NIFTY 50,0.0804665090286043
2008-04-04,NIFTY 50,-0.0596924322136787
2008-04-11,NIFTY 50,0.02814714970679999
2008-04-18,NIFTY 50,0.037799846171675755
2008-04-25,NIFTY 50,0.030917291059215923
2008-05-02,NIFTY 50,0.022790851487501484
2008-05-09,NIFTY 50,-0.04697603161341257
2008-05-16,NIFTY 50,0.035142314097937444
2008-05-23,NIFTY 50,-0.0409388647321729
2008-05-30,NIFTY 50,-0.015455157645194229
2008-06-06,NIFTY 50,-0.049752630974742695
2008-06-13,NIFTY 50,-0.023920591145520698
2008-06-20,NIFTY 50,-0.03753520827592971
2008-06-27,NIFTY 50,-0.048510060107042174
2008-07-04,NIFTY 50,-0.02916608975668744
2008-07-11,NIFTY 50,0.008217131474103523
2008-07-18,NIFTY 50,0.01068164979007169
2008-07-25,NIFTY 50,0.05366243451799124
2008-08-01,NIFTY 50,0.023586095232422277
2008-08-08,NIFTY 50,0.026271414268250082
2008-08-15,NIFTY 50,-0.02181251897284464
2008-08-22,NIFTY 50,-0.02330331447594547
2008-08-29,NIFTY 50,0.007521705211710472
2008-09-05,NIFTY 50,-0.0017660998423164598
2008-09-12,NIFTY 50,-0.02845613007670378
2008-09-19,NIFTY 50,0.003973040691391816
2008-09-26,NIFTY 50,-0.06124492079382837
2008-10-03,NIFTY 50,-0.04189196441173704
2008-10-10,NIFTY 50,-0.1409920883041853
2008-10-17,NIFTY 50,-0.0626838386488694
2008-10-24,NIFTY 50,-0.15949715617296534
2008-10-31,NIFTY 50,0.11671830404653627
2008-11-07,NIFTY 50,0.030288293382973785
2008-11-14,NIFTY 50,-0.05470901525185001
2008-11-21,NIFTY 50,-0.04159629313866142
2008-11-28,NIFTY 50,0.022888914812600136
2008-12-05,NIFTY 50,-0.014772673902891387
2008-12-12,NIFTY 50,0.07624160136972025
2008-12-19,NIFTY 50,0.0534512801012883
2008-12-26,NIFTY 50,-0.07156783103168152
2009-01-02,NIFTY 50,0.06632251290576607
2009-01-09,NIFTY 50,-0.05702798063510295
2009-01-16,NIFTY 50,-0.015506456257614043
2009-01-23,NIFTY 50,-0.05299719101681255
2009-01-30,NIFTY 50,0.07326725146907753
2009-02-06,NIFTY 50,-0.011026836869853618
2009-02-13,NIFTY 50,0.03701944932813461
2009-02-20,NIFTY 50,-0.07187075464776793
2009-02-27,NIFTY 50,0.009939867951988868
2009-03-06,NIFTY 50,-0.051924087735679914
2009-03-13,NIFTY 50,0.03782230076516013
2009-03-20,NIFTY 50,0.03228833274914966
2009-03-27,NIFTY 50,0.10744370362813283
2009-04-03,NIFTY 50,0.03294039203551713
2009-04-10,NIFTY 50,0.040796623536842214
2009-04-17,NIFTY 50,0.012671819062217482
2009-04-24,NIFTY 50,0.028468886785372405
2009-05-01,NIFTY 50,-0.001953615981649115
2009-05-08,NIFTY 50,0.04224298048695152
2009-05-15,NIFTY 50,0.01407185126052335
2009-05-22,NIFTY 50,0.15438566114225893
2009-05-29,NIFTY 50,0.04965204560870595
2009-06-05,NIFTY 50,0.031007249120611924
2009-06-12,NIFTY 50,-0.0007630425940211572
2009-06-19,NIFTY 50,-0.05886455697429682
2009-06-26,NIFTY 50,0.014349939943988366
2009-07-03,NIFTY 50,0.011141583818992107
2009-07-10,NIFTY 50,-0.09501047582217326
2009-07-17,NIFTY 50,0.09267222009010512
2009-07-24,NIFTY 50,0.044251843045534756
2009-07-31,NIFTY 50,0.01486256985867418
2009-08-07,NIFTY 50,-0.0334415957116303
2009-08-14,NIFTY 50,0.022013188845779297
2009-08-21,NIFTY 50,-0.011189834649297459
2009-08-28,NIFTY 50,0.044945747603607256
2009-09-04,NIFTY 50,-0.010977673722455394
2009-09-11,NIFTY 50,0.031866914250011424
2009-09-18,NIFTY 50,0.03033409032407297
2009-09-25,NIFTY 50,-0.003436382280356587
2009-10-02,NIFTY 50,0.025095978408673503
2009-10-09,NIFTY 50,-0.02718647159109633
2009-10-16,NIFTY 50,0.03982643760669924
2009-10-23,NIFTY 50,-0.028217788359323093
2009-10-30,NIFTY 50,-0.05710361523860075
2009-11-06,NIFTY 50,0.01792340419181726
2009-11-13,NIFTY 50,0.042283977168780185
2009-11-20,NIFTY 50,0.01070224705382472
2009-11-27,NIFTY 50,-0.021910200206466945
2009-12-04,NIFTY 50,0.03382403042318005
2009-12-11,NIFTY 50,0.0016441704680680846
2009-12-18,NIFTY 50,-0.025325780063987113
2009-12-25,NIFTY 50,0.03823399554176721
2010-01-01,NIFTY 50,0.004373919119977421
2010-01-08,NIFTY 50,0.008402187433989683
2010-01-15,NIFTY 50,0.0014205053267553058
2010-01-22,NIFTY 50,-0.04116373848534083
2010-01-29,NIFTY 50,-0.030569935526707726
2010-02-05,NIFTY 50,-0.033469527940264254
2010-02-12,NIFTY 50,0.022930329130533167
2010-02-19,NIFTY 50,0.0037394583055860853
2010-02-26,NIFTY 50,0.01597554209660923
2010-03-05,NIFTY 50,0.0338054156040104
2010-03-12,NIFTY 50,0.009491579938623929
2010-03-19,NIFTY 50,0.02448896334193118
2010-03-26,NIFTY 50,0.00364828532816297
2010-04-02,NIFTY 50,0.001609238924649814
2010-04-09,NIFTY 50,0.013467536149702308
2010-04-16,NIFTY 50,-0.018492078583251748
2010-04-23,NIFTY 50,0.00788583575227042
2010-04-30,NIFTY 50,-0.00492074002671683
2010-05-07,NIFTY 50,-0.04925164746352784
2010-05-14,NIFTY 50,0.015035760554233724
2010-05-21,NIFTY 50,-0.03187397617674492
2010-05-28,NIFTY 50,0.02745807874942008
2010-06-04,NIFTY 50,0.013608905067647559
2010-06-11,NIFTY 50,-0.003144757539431442
2010-06-18,NIFTY 50,0.027982067502197783
2010-06-25,NIFTY 50,0.0012255742240649958
2010-07-02,NIFTY 50,-0.006063656297730646
2010-07-09,NIFTY 50,0.022025566726874723
2010-07-16,NIFTY 50,0.007744062161951559
2010-07-23,NIFTY 50,0.010233819001445488
2010-07-30,NIFTY 50,-0.014956598069294835
2010-08-06,NIFTY 50,0.013348591743083782
2010-08-13,NIFTY 50,0.002362476013466841
2010-08-20,NIFTY 50,0.014407256521439704
2010-08-27,NIFTY 50,-0.022049796892689044
2010-09-03,NIFTY 50,0.013071478262471015
2010-09-10,NIFTY 50,0.029318886229682484
2010-09-17,NIFTY 50,0.04342167163514432
2010-09-24,NIFTY 50,0.022659428703613482
2010-10-01,NIFTY 50,0.02078661776849544
2010-10-08,NIFTY 50,-0.006502866110996486
2010-10-15,NIFTY 50,-0.0066847916609665825
2010-10-22,NIFTY 50,0.0005607947677195302
2010-10-29,NIFTY 50,-0.007970526278508028
2010-11-05,NIFTY 50,0.04388713309126313
2010-11-12,NIFTY 50,-0.033453772625312794
2010-11-19,NIFTY 50,-0.029868339013790268
2010-11-26,NIFTY 50,-0.023487702487554385
2010-12-03,NIFTY 50,0.04187268686214951
2010-12-10,NIFTY 50,-0.022602074396895877
2010-12-17,NIFTY 50,0.01560430925587375
2010-12-24,NIFTY 50,0.010565261215591537
2010-12-31,NIFTY 50,0.020443792059898547
2011-01-07,NIFTY 50,-0.0374765510381857
2011-01-14,NIFTY 50,-0.042348387500112716
2011-01-21,NIFTY 50,0.00741883912274055
2011-01-28,NIFTY 50,-0.032361993795532396
2011-02-04,NIFTY 50,-0.02111696967715937
2011-02-11,NIFTY 50,-0.015892137330306255
2011-02-18,NIFTY 50,0.028050884239642082
2011-02-25,NIFTY 50,-0.028467083425388173
2011-03-04,NIFTY 50,0.04434769238984426
2011-03-11,NIFTY 50,-0.01684492072895505
2011-03-18,NIFTY 50,-0.013176137403986043
2011-03-25,NIFTY 50,0.052207937638989454
2011-04-01,NIFTY 50,0.030384189713489773
2011-04-08,NIFTY 50,0.0027377375489765488
2011-04-15,NIFTY 50,-0.0029870241890619376
2011-04-22,NIFTY 50,0.010327045461366202
2011-04-29,NIFTY 50,-0.022974865468965544
2011-05-06,NIFTY 50,-0.034446439636055315
2011-05-13,NIFTY 50,-0.0012069270328962656
2011-05-20,NIFTY 50,-0.010532468072275591
2011-05-27,NIFTY 50,-0.0018682730444742335
2011-06-03,NIFTY 50,0.007423148156321613
2011-06-10,NIFTY 50,-0.00561022256083743
2011-06-17,NIFTY 50,-0.021765267890695772
2011-06-24,NIFTY 50,0.01953825647813856
2011-07-01,NIFTY 50,0.028503576936257602
2011-07-08,NIFTY 50,0.005944289499263622
2011-07-15,NIFTY 50,-0.01405312217852639
2011-07-22,NIFTY 50,0.009469476757538287
2011-07-29,NIFTY 50,-0.02697045412984378
2011-08-05,NIFTY 50,-0.04938890915724192
2011-08-12,NIFTY 50,-0.02653870082753662
2011-08-19,NIFTY 50,-0.04480633245301313
2011-08-26,NIFTY 50,-0.02019338987096897
2011-09-02,NIFTY 50,0.06154433786867153
2011-09-09,NIFTY 50,0.003859165736607162
2011-09-16,NIFTY 50,0.004901679773521073
2011-09-23,NIFTY 50,-0.04258248512563312
2011-09-30,NIFTY 50,0.015510246006882111
2011-10-07,NIFTY 50,-0.011166782038638523
2011-10-14,NIFTY 50,0.049968803461407196
2011-10-21,NIFTY 50,-0.016045362217496972
2011-10-28,NIFTY 50,0.061535260345428
2011-11-04,NIFTY 50,-0.014270523851882877
2011-11-11,NIFTY 50,-0.021829244425405125
2011-11-18,NIFTY 50,-0.050891453224388705
2011-11-25,NIFTY 50,-0.039901750538813396
2011-12-02,NIFTY 50,0.07220732513651518
2011-12-09,NIFTY 50,-0.03632559638400279
2011-12-16,NIFTY 50,-0.04419834570114467
2011-12-23,NIFTY 50,0.013414717738782223
2011-12-30,NIFTY 50,-0.0190284673976453
2012-01-06,NIFTY 50,0.028069177702789938
2012-01-13,NIFTY 50,0.02353755706551408
2012-01-20,NIFTY 50,0.037525708519574597
2012-01-27,NIFTY 50,0.03091948156652724
2012-02-03,NIFTY 50,0.023277018425165164
2012-02-10,NIFTY 50,0.010467812457683356
2012-02-17,NIFTY 50,0.03394895639139328
2012-02-24,NIFTY 50,-0.024261812759670653
2012-03-02,NIFTY 50,-0.01288374367738132
2012-03-09,NIFTY 50,-0.004814071202408066
2012-03-16,NIFTY 50,-0.0029342375935058618
2012-03-23,NIFTY 50,-0.0074652979108826845
2012-03-30,NIFTY 50,0.0032870313237469695
2012-04-06,NIFTY 50,0.005164732400786853
2012-04-13,NIFTY 50,-0.02168925006093314
2012-04-20,NIFTY 50,0.016015496877689328
2012-04-27,NIFTY 50,-0.018947805768379067
2012-05-04,NIFTY 50,-0.01998805495473388
2012-05-11,NIFTY 50,-0.031050688005387683
2012-05-18,NIFTY 50,-0.0075979848999250255
2012-05-25,NIFTY 50,0.005918430296804944
2012-06-01,NIFTY 50,-0.016014918756901197
2012-06-08,NIFTY 50,0.046833690397058314
2012-06-15,NIFTY 50,0.013949254820408541
2012-06-22,NIFTY 50,0.0013621195096444882
2012-06-29,NIFTY 50,0.02581593701934981
2012-07-06,NIFTY 50,0.0072079966797355954
2012-07-13,NIFTY 50,-0.016870610409625564
2012-07-20,NIFTY 50,-0.004237391045721961
2012-07-27,NIFTY 50,-0.02022055253988142
2012-08-03,NIFTY 50,0.022716373116435706
2012-08-10,NIFTY 50,0.020073950401778617
2012-08-17,NIFTY 50,0.008627152692700868
2012-08-24,NIFTY 50,0.0038015748965758434
2012-08-31,NIFTY 50,-0.02379939307260126
2012-09-07,NIFTY 50,0.01589808836288875
2012-09-14,NIFTY 50,0.044093109522759244
2012-09-21,NIFTY 50,0.020349072097964882
2012-09-28,NIFTY 50,0.002134876527983609
2012-10-05,NIFTY 50,0.0076535325372733
2012-10-12,NIFTY 50,-0.012337046296804544
2012-10-19,NIFTY 50,0.001444701085203226
2012-10-26,NIFTY 50,0.003703180663676031
2012-11-02,NIFTY 50,-0.0013320262975060615
2012-11-09,NIFTY 50,-0.002009617024412824
2012-11-16,NIFTY 50,-0.01973184353704116
2012-11-23,NIFTY 50,0.009427668357853136
2012-11-30,NIFTY 50,0.045009418761694286
2012-12-07,NIFTY 50,0.004685460382481743
2012-12-14,NIFTY 50,-0.004705929029194422
2012-12-21,NIFTY 50,-0.00542552245287331
2012-12-28,NIFTY 50,0.010371582043889216
2013-01-04,NIFTY 50,0.018245331252503494
2013-01-11,NIFTY 50,-0.010779335407016033
2013-01-18,NIFTY 50,0.019004268204933616
2013-01-25,NIFTY 50,0.0016901919670631038
2013-02-01,NIFTY 50,-0.01246985443075066
2013-02-08,NIFTY 50,-0.015902899514372182
2013-02-15,NIFTY 50,-0.0027272122734395277
2013-02-22,NIFTY 50,-0.006301609924863505
2013-03-01,NIFTY 50,-0.022323575497850245
2013-03-08,NIFTY 50,0.039512560498400795
2013-03-15,NIFTY 50,-0.012294615479246818
2013-03-22,NIFTY 50,-0.037674964465620686
2013-03-29,NIFTY 50,0.005520752827574693
2013-04-05,NIFTY 50,-0.022753835713123283
2013-04-12,NIFTY 50,-0.004447881026876099
2013-04-19,NIFTY 50,0.046042868738005005
2013-04-26,NIFTY 50,0.015277290063171467
2013-05-03,NIFTY 50,0.01235636891639147
2013-05-10,NIFTY 50,0.025361709286675582
2013-05-17,NIFTY 50,0.015185168331350862
2013-05-24,NIFTY 50,-0.03293035838438585
2013-05-31,NIFTY 50,0.0004011649778730142
2013-06-07,NIFTY 50,-0.017532754514844595
2013-06-14,NIFTY 50,-0.012344855918423714
2013-06-21,NIFTY 50,-0.02423214695379461
2013-06-28,NIFTY 50,0.030797649109654435
2013-07-05,NIFTY 50,0.004398977469459275
2013-07-12,NIFTY 50,0.024046098264200344
2013-07-19,NIFTY 50,0.0033616567336496317
2013-07-26,NIFTY 50,-0.023717905421547947
2013-08-02,NIFTY 50,-0.035387904939867765
2013-08-09,NIFTY 50,-0.019769633479037707
2013-08-16,NIFTY 50,-0.010385095308125591
2013-08-23,NIFTY 50,-0.006554299230404181
2013-08-30,NIFTY 50,9.10214967797529e-06
2013-09-06,NIFTY 50,0.03812275761213879
2013-09-13,NIFTY 50,0.029962713583294498
2013-09-20,NIFTY 50,0.027604005965934375
2013-09-27,NIFTY 50,-0.029756640680931423
2013-10-04,NIFTY 50,0.012703080109361942
2013-10-11,NIFTY 50,0.03197745109789518
2013-10-18,NIFTY 50,0.01527999398959623
2013-10-25,NIFTY 50,-0.007181722573640137
2013-11-01,NIFTY 50,0.02641219475468537
2013-11-08,NIFTY 50,-0.02639050452785774
2013-11-15,NIFTY 50,-0.01377683469547697
2013-11-22,NIFTY 50,-0.01002282110087116
2013-11-29,NIFTY 50,0.030131165543663352
2013-12-06,NIFTY 50,0.01356840131514403
2013-12-13,NIFTY 50,-0.014616847142514544
2013-12-20,NIFTY 50,0.017160057605219547
2013-12-27,NIFTY 50,0.006303511126827921
2014-01-03,NIFTY 50,-0.016258022984438125
2014-01-10,NIFTY 50,-0.006391683932192582
2014-01-17,NIFTY 50,0.014615642057641542
2014-01-24,NIFTY 50,0.0008144974145458672
2014-01-31,NIFTY 50,-0.028284198348426215
2014-02-07,NIFTY 50,-0.004318877524837839
2014-02-14,NIFTY 50,-0.0024492177691461947
2014-02-21,NIFTY 50,0.01770732446485712
2014-02-28,NIFTY 50,0.01973860499960267
2014-03-07,NIFTY 50,0.03978041871635707
2014-03-14,NIFTY 50,-0.003439698370091504
2014-03-21,NIFTY 50,-0.0016912148565056961
2014-03-28,NIFTY 50,0.031217227396989955
2014-04-04,NIFTY 50,-0.00023145577295102804
2014-04-11,NIFTY 50,0.012241622537778829
2014-04-18,NIFTY 50,0.0004574912187482738
2014-04-25,NIFTY 50,0.0004941584365147911
2014-05-02,NIFTY 50,-0.012966745835022664
2014-05-09,NIFTY 50,0.024496624960341995
2014-05-16,NIFTY 50,0.05018373550971167
2014-05-23,NIFTY 50,0.022782187651846364
2014-05-30,NIFTY 50,-0.018616538465030863
2014-06-06,NIFTY 50,0.04888687992075069
2014-06-13,NIFTY 50,-0.0054460802831637345
2014-06-20,NIFTY 50,-0.004063841893755082
2014-06-27,NIFTY 50,-0.0003528467281396219
2014-07-04,NIFTY 50,0.03233543299651931
2014-07-11,NIFTY 50,-0.03766964192183864
2014-07-18,NIFTY 50,0.027387500940122766
2014-07-25,NIFTY 50,0.016512519028340833
2014-08-01,NIFTY 50,-0.024112868055979453
2014-08-08,NIFTY 50,-0.004478769438267194
2014-08-15,NIFTY 50,0.029483903308239245
2014-08-22,NIFTY 50,0.015593515786592294
2014-08-29,NIFTY 50,0.005200159395452486
2014-09-05,NIFTY 50,0.016657551952489635
2014-09-12,NIFTY 50,0.0023062010694565593
2014-09-19,NIFTY 50,0.0019678237385107877
2014-09-26,NIFTY 50,-0.01878975970871888
2014-10-03,NIFTY 50,-0.002923921605151425
2014-10-10,NIFTY 50,-0.010773277051828511
2014-10-17,NIFTY 50,-0.010209988359450306
2014-10-24,NIFTY 50,0.027790236333466556
2014-10-31,NIFTY 50,0.04080845145061218
2014-11-07,NIFTY 50,0.00177835239962576
2014-11-14,NIFTY 50,0.00634525496281646
2014-11-21,NIFTY 50,0.010423153396161622
2014-11-28,NIFTY 50,0.013081964969612336
2014-12-05,NIFTY 50,-0.005816108673187159
2014-12-12,NIFTY 50,-0.03679891811013769
2014-12-19,NIFTY 50,0.0001338244901905039
2014-12-26,NIFTY 50,-0.0029786509043223663
2015-01-02,NIFTY 50,0.023747972168439713
2015-01-09,NIFTY 50,-0.013215514681326757
2015-01-16,NIFTY 50,0.027678170642464917
2015-01-23,NIFTY 50,0.037797436170665444
2015-01-30,NIFTY 50,-0.003021777800079395
2015-02-06,NIFTY 50,-0.016784227245304373
2015-02-13,NIFTY 50,0.016678139321439023
2015-02-20,NIFTY 50,0.003191142964624305
2015-02-27,NIFTY 50,0.0012452454816183067
2015-03-06,NIFTY 50,0.010531894572849199
2015-03-13,NIFTY 50,-0.032446644849095096
2015-03-20,NIFTY 50,-0.008886659463444246
2015-03-27,NIFTY 50,-0.026776650006460345
2015-04-03,NIFTY 50,0.029353537524728912
2015-04-10,NIFTY 50,0.022605865118648927
2015-04-17,NIFTY 50,-0.01985679581469546
2015-04-24,NIFTY 50,-0.034946548919358555
2015-05-01,NIFTY 50,-0.014900213720237199
2015-05-08,NIFTY 50,0.0012222697549348904
2015-05-15,NIFTY 50,0.00864916185985476
2015-05-22,NIFTY 50,0.023794755152266145
2015-05-29,NIFTY 50,-0.00299089178956502
2015-06-05,NIFTY 50,-0.03781875943862345
2015-06-12,NIFTY 50,-0.016242164195404918
2015-06-19,NIFTY 50,0.030321098338923713
2015-06-26,NIFTY 50,0.01898484615159024
2015-07-03,NIFTY 50,0.012385102920610791
2015-07-10,NIFTY 50,-0.014655515116582363
2015-07-17,NIFTY 50,0.029818589747258706
2015-07-24,NIFTY 50,-0.010255673292057677
2015-07-31,NIFTY 50,0.001326026948910597
2015-08-07,NIFTY 50,0.003720914050227231
2015-08-14,NIFTY 50,-0.005376760944795667
2015-08-21,NIFTY 50,-0.02566159902648113
2015-08-28,NIFTY 50,-0.03590382990108776
2015-09-04,NIFTY 50,-0.043351980724425476
2015-09-11,NIFTY 50,0.017537443050702706
2015-09-18,NIFTY 50,0.02472624016093783
2015-09-25,NIFTY 50,-0.01420713160164433
2015-10-02,NIFTY 50,0.010472123320041993
2015-10-09,NIFTY 50,0.030034372951715405
2015-10-16,NIFTY 50,0.0059159913253272745
2015-10-23,NIFTY 50,0.006955421055763633
2015-10-30,NIFTY 50,-0.027683897222934073
2015-11-06,NIFTY 50,-0.013823799585901075
2015-11-13,NIFTY 50,-0.02414414963015654
2015-11-20,NIFTY 50,0.01214851424361485
2015-11-27,NIFTY 50,0.010965422834028127
2015-12-04,NIFTY 50,-0.02024504123467341
2015-12-11,NIFTY 50,-0.02203185715349698
2015-12-18,NIFTY 50,0.019906838112325298
2015-12-25,NIFTY 50,0.01276735960440023
2016-01-01,NIFTY 50,0.01085100528403804
2016-01-08,NIFTY 50,-0.04341615908689411
2016-01-15,NIFTY 50,-0.02151595320141586
2016-01-22,NIFTY 50,-0.002063729836520478
2016-01-29,NIFTY 50,0.01900984252667781
2016-02-05,NIFTY 50,-0.00984322295135942
2016-02-12,NIFTY 50,-0.0678519309019221
2016-02-19,NIFTY 50,0.03291812693948226
2016-02-26,NIFTY 50,-0.025101411087612213
2016-03-04,NIFTY 50,0.06481028452736592
2016-03-11,NIFTY 50,0.0033198310475859305
2016-03-18,NIFTY 50,0.012536270657939719
2016-03-25,NIFTY 50,0.014748124547594887
2016-04-01,NIFTY 50,-0.00044711920073869926
2016-04-08,NIFTY 50,-0.020465265150896528
2016-04-15,NIFTY 50,0.03907904388598249
2016-04-22,NIFTY 50,0.006222523315181139
2016-04-29,NIFTY 50,-0.006266378188434674
2016-05-06,NIFTY 50,-0.014821984288761358
2016-05-13,NIFTY 50,0.010532130546417662
2016-05-20,NIFTY 50,-0.008342999634799675
2016-05-27,NIFTY 50,0.05251167100340193
2016-06-03,NIFTY 50,0.007864736517049442
2016-06-10,NIFTY 50,-0.006173365269284692
2016-06-17,NIFTY 50,1.8407553025401313e-05
2016-06-24,NIFTY 50,-0.009987527319473388
2016-07-01,NIFTY 50,0.02964042094109942
2016-07-08,NIFTY 50,-0.0006182994595596014
2016-07-15,NIFTY 50,0.026215901359117444
2016-07-22,NIFTY 50,-2.343823065831252e-05
2016-07-29,NIFTY 50,0.01139181876815143
2016-08-05,NIFTY 50,0.005168766640620381
2016-08-12,NIFTY 50,-0.010480067245898561
2016-08-19,NIFTY 50,0.008699801167535437
2016-08-26,NIFTY 50,-0.010886312486013905
2016-09-02,NIFTY 50,0.027658117052624442
2016-09-09,NIFTY 50,0.006475830726291987
2016-09-16,NIFTY 50,-0.009795141825525433
2016-09-23,NIFTY 50,0.005888505795964338
2016-09-30,NIFTY 50,-0.02495591588528656
2016-10-07,NIFTY 50,0.010039218319089827
2016-10-14,NIFTY 50,-0.01312996963287505
2016-10-21,NIFTY 50,0.012774589215512
2016-10-28,NIFTY 50,-0.006332622718647651
2016-11-04,NIFTY 50,-0.02364551979624918
2016-11-11,NIFTY 50,-0.01629763691270192
2016-11-18,NIFTY 50,-0.026782989074925267
2016-11-25,NIFTY 50,0.004978846750106403
2016-12-02,NIFTY 50,-0.003389078621930386
2016-12-09,NIFTY 50,0.02163404554804127
2016-12-16,NIFTY 50,-0.01480313549641421
2016-12-23,NIFTY 50,-0.01888336332606544
2016-12-30,NIFTY 50,0.02505084740788277
2017-01-06,NIFTY 50,0.007085440810168153
2017-01-13,NIFTY 50,0.01899000562804609
2017-01-20,NIFTY 50,-0.00607117588809436
2017-01-27,NIFTY 50,0.03496085375287694
2017-02-03,NIFTY 50,0.011537705229278217
2017-02-10,NIFTY 50,0.006017607719948748
2017-02-17,NIFTY 50,0.0032012544706341295
2017-02-24,NIFTY 50,0.013353412843262857
2017-03-03,NIFTY 50,-0.0046926780370826204
2017-03-10,NIFTY 50,0.004158448203404053
2017-03-17,NIFTY 50,0.025239100450443752
2017-03-24,NIFTY 50,-0.005682262192599041
2017-03-31,NIFTY 50,0.007218928414580494
2017-04-07,NIFTY 50,0.002676092621610504
2017-04-14,NIFTY 50,-0.005163997804876308
2017-04-21,NIFTY 50,-0.0034313300184335427
2017-04-28,NIFTY 50,0.02024797751531171
2017-05-05,NIFTY 50,-0.0020152514650720876
2017-05-12,NIFTY 50,0.012449849586885886
2017-05-19,NIFTY 50,0.002872065321203321
2017-05-26,NIFTY 50,0.01773451265100978
2017-06-02,NIFTY 50,0.006086480912396164
2017-06-09,NIFTY 50,0.0015279432330241871
2017-06-16,NIFTY 50,-0.00829521323016058
2017-06-23,NIFTY 50,-0.0013662433593738532
2017-06-30,NIFTY 50,-0.0056449175802461005
2017-07-07,NIFTY 50,0.015219087283507182
2017-07-14,NIFTY 50,0.02281754320843099
2017-07-21,NIFTY 50,0.00292326204988691
2017-07-28,NIFTY 50,0.010009833337535579
2017-08-04,NIFTY 50,0.0051825244021168615
2017-08-11,NIFTY 50,-0.035325495920932815
2017-08-18,NIFTY 50,0.013037091535589962
2017-08-25,NIFTY 50,0.001997419367135489
2017-09-01,NIFTY 50,0.01190524429344908
2017-09-08,NIFTY 50,-0.003970222207514418
2017-09-15,NIFTY 50,0.015158894884468976
2017-09-22,NIFTY 50,-0.011997540535175655
2017-09-29,NIFTY 50,-0.017642886110377676
2017-10-06,NIFTY 50,0.01952277072958153
2017-10-13,NIFTY 50,0.018813190409085356
2017-10-20,NIFTY 50,-0.002055617703899393
2017-10-27,NIFTY 50,0.017395075508175317
2017-11-03,NIFTY 50,0.012539917733780381
2017-11-10,NIFTY 50,-0.012508969146137305
2017-11-17,NIFTY 50,-0.0036961165136726315
2017-11-24,NIFTY 50,0.010317455946142973
2017-12-01,NIFTY 50,-0.02578518971566357
2017-12-08,NIFTY 50,0.014211957232238559
2017-12-15,NIFTY 50,0.0065850293749274424
2017-12-22,NIFTY 50,0.015459802095178166
2017-12-29,NIFTY 50,0.0035928900517010476
2018-01-05,NIFTY 50,0.002673080948124351
2018-01-12,NIFTY 50,0.0115922089198357
2018-01-19,NIFTY 50,0.019983634435342346
2018-01-26,NIFTY 50,0.016058284503117637
2018-02-02,NIFTY 50,-0.027918748139664662
2018-02-09,NIFTY 50,-0.028404496511161725
2018-02-16,NIFTY 50,-0.0002535058106912791
2018-02-23,NIFTY 50,0.0037073180758384616
2018-03-02,NIFTY 50,-0.0031169612118217005
2018-03-09,NIFTY 50,-0.02213542371852628
2018-03-16,NIFTY 50,-0.0030996074021604203
2018-03-23,NIFTY 50,-0.019332778662955796
2018-03-30,NIFTY 50,0.011567294910931336
2018-04-06,NIFTY 50,0.02154497462397509
2018-04-13,NIFTY 50,0.014421774520258834
2018-04-20,NIFTY 50,0.007962349333319851
2018-04-27,NIFTY 50,0.012140230533852048
2018-05-04,NIFTY 50,-0.006925526410607841
2018-05-11,NIFTY 50,0.017728910131142195
2018-05-18,NIFTY 50,-0.019441966351270046
2018-05-25,NIFTY 50,0.0008257521117964739
2018-06-01,NIFTY 50,0.008585432675050741
2018-06-08,NIFTY 50,0.006679960547467445
2018-06-15,NIFTY 50,0.00464816397930945
2018-06-22,NIFTY 50,0.00038357635981611793
2018-06-29,NIFTY 50,-0.009938209138882215
2018-07-06,NIFTY 50,0.005446047525380138
2018-07-13,NIFTY 50,0.02285881292632519
2018-07-20,NIFTY 50,-0.0007895701934017563
2018-07-27,NIFTY 50,0.024354635638383915
2018-08-03,NIFTY 50,0.007310484083944635
2018-08-10,NIFTY 50,0.006047126654247892
2018-08-17,NIFTY 50,0.003609081762106836
2018-08-24,NIFTY 50,0.007527808502059585
2018-08-31,NIFTY 50,0.010677453236182188
2018-09-07,NIFTY 50,-0.007825040933607252
2018-09-14,NIFTY 50,-0.006376631192531956
2018-09-21,NIFTY 50,-0.032313861646015574
2018-09-28,NIFTY 50,-0.01908350652125479
2018-10-05,NIFTY 50,-0.05617334959024034
2018-10-12,NIFTY 50,0.015126308151849122
2018-10-19,NIFTY 50,-0.016132747224874677
2018-10-26,NIFTY 50,-0.026549083555946096
2018-11-02,NIFTY 50,0.052143569292123715
2018-11-09,NIFTY 50,0.003051283550886019
2018-11-16,NIFTY 50,0.009163737880267586
2018-11-23,NIFTY 50,-0.014552263809913812
2018-11-30,NIFTY 50,0.03324862849407473
2018-12-07,NIFTY 50,-0.01682945775967082
2018-12-14,NIFTY 50,0.010450077892494525
2018-12-21,NIFTY 50,-0.004761504091224222
2018-12-28,NIFTY 50,0.009847534928863588
2019-01-04,NIFTY 50,-0.012205524588828398
2019-01-11,NIFTY 50,0.006301704372384975
2019-01-18,NIFTY 50,0.010375221559487446
2019-01-25,NIFTY 50,-0.01158897660313174
2019-02-01,NIFTY 50,0.010491170486344181
2019-02-08,NIFTY 50,0.004585168144645602
2019-02-15,NIFTY 50,-0.020029901181894405
2019-02-22,NIFTY 50,0.00627074685301654
2019-03-01,NIFTY 50,0.006657888902462661
2019-03-08,NIFTY 50,0.015823665542872956
2019-03-15,NIFTY 50,0.03547213557222184
2019-03-22,NIFTY 50,0.0026298395688471032
2019-03-29,NIFTY 50,0.009871745892767514
2019-04-05,NIFTY 50,0.0082930160166379
2019-04-12,NIFTY 50,-0.0019286898729466984
2019-04-19,NIFTY 50,0.00939151261359128
2019-04-26,NIFTY 50,0.0001574591559674321
2019-05-03,NIFTY 50,-0.0036071162659858658
2019-05-10,NIFTY 50,-0.03699968916092122
2019-05-17,NIFTY 50,0.011370789310862328
2019-05-24,NIFTY 50,0.03830485299020059
2019-05-31,NIFTY 50,0.0066446752313875646
2019-06-07,NIFTY 50,-0.004373923484146558
2019-06-14,NIFTY 50,-0.003988878821239328
2019-06-21,NIFTY 50,-0.008390229204301436
2019-06-28,NIFTY 50,0.00552281216957784
2019-07-05,NIFTY 50,0.001891684260037163
2019-07-12,NIFTY 50,-0.02189883136449622
2019-07-19,NIFTY 50,-0.01153429993507904
2019-07-26,NIFTY 50,-0.011817780967445346
2019-08-02,NIFTY 50,-0.025429153804766957
2019-08-09,NIFTY 50,0.010211622367108042
2019-08-16,NIFTY 50,-0.00556728463657985
2019-08-23,NIFTY 50,-0.01977318553688967
2019-08-30,NIFTY 50,0.017905081802617184
2019-09-06,NIFTY 50,-0.006989753900845885
2019-09-13,NIFTY 50,0.011848878423404097
2019-09-20,NIFTY 50,0.017903718676934632
2019-09-27,NIFTY 50,0.021127901863188248
2019-10-04,NIFTY 50,-0.02932927792365192
2019-10-11,NIFTY 50,0.011660198634197538
2019-10-18,NIFTY 50,0.031561099760883504
2019-10-25,NIFTY 50,-0.0066841214182128406
2019-11-01,NIFTY 50,0.026476334257692358
2019-11-08,NIFTY 50,0.0014760215486662176
2019-11-15,NIFTY 50,-0.00106651284170034
2019-11-22,NIFTY 50,0.0015930624735807086
2019-11-29,NIFTY 50,0.01188892511736972
2019-12-06,NIFTY 50,-0.011160355743983885
2019-12-13,NIFTY 50,0.013857332996057625
2019-12-20,NIFTY 50,0.015314321227789307
2019-12-27,NIFTY 50,-0.0021186786301768956
2020-01-03,NIFTY 50,-0.0015637536435284538
2020-01-10,NIFTY 50,0.002465876842738357
2020-01-17,NIFTY 50,0.007795656795418715
2020-01-24,NIFTY 50,-0.008427514818394766
2020-01-31,NIFTY 50,-0.023362553068805747
2020-02-07,NIFTY 50,0.01139014089911261
2020-02-14,NIFTY 50,0.0012481525517991088
2020-02-21,NIFTY 50,-0.0026912717196059255
2020-02-28,NIFTY 50,-0.07276802855759412
2020-03-06,NIFTY 50,-0.018952378395116876
2020-03-13,NIFTY 50,-0.09411298851339756
2020-03-20,NIFTY 50,-0.12151940455899846
2020-03-27,NIFTY 50,-0.009742230921189976
2020-04-03,NIFTY 50,-0.06656276612251377
2020-04-10,NIFTY 50,0.12718036205465433
2020-04-17,NIFTY 50,0.016994216654773853
2020-04-24,NIFTY 50,-0.012123949537324319
2020-05-01,NIFTY 50,0.0770667624197976
2020-05-08,NIFTY 50,-0.061704516934418474
2020-05-15,NIFTY 50,-0.012392627209101281
2020-05-22,NIFTY 50,-0.010681976123898984
2020-05-29,NIFTY 50,0.05985560800813117
2020-06-05,NIFTY 50,0.05864645130026047
2020-06-12,NIFTY 50,-0.01668778251961711
2020-06-19,NIFTY 50,0.02722377536781817
2020-06-26,NIFTY 50,0.013529304214020987
2020-07-03,NIFTY 50,0.021607397609072487
2020-07-10,NIFTY 50,0.015149891464920628
2020-07-17,NIFTY 50,0.0124117545005058
2020-07-24,NIFTY 50,0.026826108778724933
2020-07-31,NIFTY 50,-0.010782434673522467
2020-08-07,NIFTY 50,0.012697001105808736
2020-08-14,NIFTY 50,-0.003178995517533645
2020-08-21,NIFTY 50,0.017283261647349057
2020-08-28,NIFTY 50,0.024270991723315705
2020-09-04,NIFTY 50,-0.026936880603920077
2020-09-11,NIFTY 50,0.01152305619349936
2020-09-18,NIFTY 50,0.0035326595964069174
2020-09-25,NIFTY 50,-0.03952213504563973
2020-10-02,NIFTY 50,0.033184787250288394
2020-10-09,NIFTY 50,0.043553662886622435
2020-10-16,NIFTY 50,-0.012736901975149317
2020-10-23,NIFTY 50,0.014274187033702423
2020-10-30,NIFTY 50,-0.02413585755472969
2020-11-06,NIFTY 50,0.053352349448716696
2020-11-13,NIFTY 50,0.037216009874281974
2020-11-20,NIFTY 50,0.010935546699409215
2020-11-27,NIFTY 50,0.008546540552703874
2020-12-04,NIFTY 50,0.02233022758308323
2020-12-11,NIFTY 50,0.01925548483418904
2020-12-18,NIFTY 50,0.018255360422344546
2020-12-25,NIFTY 50,-0.0008211739245804761
2021-01-01,NIFTY 50,0.019582886339254868
2021-01-08,NIFTY 50,0.02345115383243579
2021-01-15,NIFTY 50,0.006025558578298895
2021-01-22,NIFTY 50,-0.0042816328350487876
2021-01-29,NIFTY 50,-0.0513015510273751
2021-02-05,NIFTY 50,0.09458659788867219
2021-02-12,NIFTY 50,0.016017542234115556
2021-02-19,NIFTY 50,-0.011972974684004933
2021-02-26,NIFTY 50,-0.030210062868156307
2021-03-05,NIFTY 50,0.028146808846708282
2021-03-12,NIFTY 50,0.006215689302220717
2021-03-19,NIFTY 50,-0.01909062245459292
2021-03-26,NIFTY 50,-0.016054001309854904
2021-04-02,NIFTY 50,0.0248185265028551
2021-04-09,NIFTY 50,-0.0021859982346488227
2021-04-16,NIFTY 50,-0.01462771822525688
2021-04-23,NIFTY 50,-0.018915230857394327
2021-04-30,NIFTY 50,0.020203816787967455
2021-05-07,NIFTY 50,0.013126202840348489
2021-05-14,NIFTY 50,-0.00980564738987122
2021-05-21,NIFTY 50,0.033894725818587546
2021-05-28,NIFTY 50,0.017156207079156438
2021-06-04,NIFTY 50,0.015198556810893216
2021-06-11,NIFTY 50,0.00823851625692007
2021-06-18,NIFTY 50,-0.007342074380781383
2021-06-25,NIFTY 50,0.01128585438752161
2021-07-02,NIFTY 50,-0.00871036373503653
2021-07-09,NIFTY 50,-0.002060805117763409
2021-07-16,NIFTY 50,0.014888691305526391
2021-07-23,NIFTY 50,-0.004229661019963582
2021-07-30,NIFTY 50,-0.005865269165117426
2021-08-06,NIFTY 50,0.030143303263794996
2021-08-13,NIFTY 50,0.017914510879504686
2021-08-20,NIFTY 50,-0.0047552263119292615
2021-08-27,NIFTY 50,0.015482764581623565
2021-09-03,NIFTY 50,0.03701843854282827
2021-09-10,NIFTY 50,0.002635156183146581
2021-09-17,NIFTY 50,0.012430035299451525
2021-09-24,NIFTY 50,0.01524290791780225
2021-10-01,NIFTY 50,-0.017988285100337675
2021-10-08,NIFTY 50,0.02071340324249893
2021-10-15,NIFTY 50,0.02477488834186725
2021-10-22,NIFTY 50,-0.012195641481859476
2021-10-29,NIFTY 50,-0.02446880691816533
2021-11-05,NIFTY 50,0.013872523799761005
2021-11-12,NIFTY 50,0.01037848335873659
2021-11-19,NIFTY 50,-0.01866839119746999
2021-11-26,NIFTY 50,-0.041562614272561915
2021-12-03,NIFTY 50,0.009999148842643857
2021-12-10,NIFTY 50,0.018294299301169437
2021-12-17,NIFTY 50,-0.03004354554079247
2021-12-24,NIFTY 50,0.001092173309896971
2021-12-31,NIFTY 50,0.020601383885907598
2022-01-07,NIFTY 50,0.02642889797208281
2022-01-14,NIFTY 50,0.024872748133738076
2022-01-21,NIFTY 50,-0.03498073808936908
2022-01-28,NIFTY 50,-0.029244296634327704
2022-02-04,NIFTY 50,0.0242283237542138
2022-02-11,NIFTY 50,-0.008081088753712273
2022-02-18,NIFTY 50,-0.0056662236147282385
2022-02-25,NIFTY 50,-0.03576578102272965
2022-03-04,NIFTY 50,-0.024795344784872442
2022-03-11,NIFTY 50,0.02370522141011744
2022-03-18,NIFTY 50,0.03948188974713407
2022-03-25,NIFTY 50,-0.007754404319526564
2022-04-01,NIFTY 50,0.030166689136011282
2022-04-08,NIFTY 50,0.006445811830530168
2022-04-15,NIFTY 50,-0.017357914432095334
2022-04-22,NIFTY 50,-0.017378533278390784
2022-04-29,NIFTY 50,-0.004041383806575927
2022-05-06,NIFTY 50,-0.04042091674464676
2022-05-13,NIFTY 50,-0.03833343647650245
2022-05-20,NIFTY 50,0.03066755720991665
2022-05-27,NIFTY 50,0.005305484248887771
2022-06-03,NIFTY 50,0.014178339219401037
2022-06-10,NIFTY 50,-0.02306403999829465
2022-06-17,NIFTY 50,-0.05606166078071839
2022-06-24,NIFTY 50,0.026530879131657192
2022-07-01,NIFTY 50,0.003363205547239456
2022-07-08,NIFTY 50,0.02974532270384711
2022-07-15,NIFTY 50,-0.010566774237090293
2022-07-22,NIFTY 50,0.04176214485960861
2022-07-29,NIFTY 50,0.026244930410620704
2022-08-05,NIFTY 50,0.013943729692713402
2022-08-12,NIFTY 50,0.017281241018824556
2022-08-19,NIFTY 50,0.0034070694843311156
2022-08-26,NIFTY 50,-0.011236838626331735
2022-09-02,NIFTY 50,-0.0011077670834892528
2022-09-09,NIFTY 50,0.016756534766828146
2022-09-16,NIFTY 50,-0.01696260134108374
2022-09-23,NIFTY 50,-0.011608108251135452
2022-09-30,NIFTY 50,-0.013446949778974537
2022-10-07,NIFTY 50,0.012887345016576734
2022-10-14,NIFTY 50,-0.0074475180824222775
2022-10-21,NIFTY 50,0.02272829039588009
2022-10-28,NIFTY 50,0.011976353990514221
2022-11-04,NIFTY 50,0.018572739046093023
2022-11-11,NIFTY 50,0.012835839141973171
2022-11-18,NIFTY 50,-0.002291526832332691
2022-11-25,NIFTY 50,0.011202945489937166
2022-12-02,NIFTY 50,0.009903963991033216
2022-12-09,NIFTY 50,-0.010670674855624007
2022-12-16,NIFTY 50,-0.012304943296693405
2022-12-23,NIFTY 50,-0.025299645232360835
2022-12-30,NIFTY 50,0.016763258244249624
2023-01-06,NIFTY 50,-0.013578982501887271
2023-01-13,NIFTY 50,0.005439719301254087
2023-01-20,NIFTY 50,0.003956806009802971
2023-01-27,NIFTY 50,-0.02348064068682687
2023-02-03,NIFTY 50,0.014184061178950103
2023-02-10,NIFTY 50,0.00013718000357498816
2023-02-17,NIFTY 50,0.004911333057990186
2023-02-24,NIFTY 50,-0.026660339180815562
2023-03-03,NIFTY 50,0.007360030595505274
2023-03-10,NIFTY 50,-0.010312925614102575
2023-03-17,NIFTY 50,-0.017966542181762968
2023-03-24,NIFTY 50,-0.00906430056745533
2023-03-31,NIFTY 50,0.02447317651056391
2023-04-07,NIFTY 50,0.013790543678624312
2023-04-14,NIFTY 50,0.013003446433238475
2023-04-21,NIFTY 50,-0.011439826046107271
2023-04-28,NIFTY 50,0.025019742862924632
2023-05-05,NIFTY 50,0.00022142264046509652
2023-05-12,NIFTY 50,0.013603452390835047
2023-05-19,NIFTY 50,-0.00608253357246713
2023-05-26,NIFTY 50,0.016257908544516697
2023-06-02,NIFTY 50,0.0018784444174400061
2023-06-09,NIFTY 50,0.0015809120414556066
2023-06-16,NIFTY 50,0.014146094134112497
2023-06-23,NIFTY 50,-0.00852544353553597
2023-06-30,NIFTY 50,0.02804911635102192
2023-07-07,NIFTY 50,0.007439138164118342
2023-07-14,NIFTY 50,0.012037120668846102
2023-07-21,NIFTY 50,0.009225893838329613
2023-07-28,NIFTY 50,-0.005011355722967847
2023-08-04,NIFTY 50,-0.0065687899663359195
2023-08-11,NIFTY 50,-0.004544715824665646
2023-08-18,NIFTY 50,-0.00608135482126293
2023-08-25,NIFTY 50,-0.0022966993253730195
2023-09-01,NIFTY 50,0.008797973254502045
2023-09-08,NIFTY 50,0.019791226378708116
2023-09-15,NIFTY 50,0.01878916976602052
2023-09-22,NIFTY 50,-0.025658213105346328
2023-09-29,NIFTY 50,-0.0018272218127756146
2023-10-06,NIFTY 50,0.000773957936549774
2023-10-13,NIFTY 50,0.004963532258885239
2023-10-20,NIFTY 50,-0.01055135713705102
2023-10-27,NIFTY 50,-0.025349703378138133
2023-11-03,NIFTY 50,0.009626040996731922
2023-11-10,NIFTY 50,0.010127089324092564
2023-11-17,NIFTY 50,0.015775838172153334
2023-11-24,NIFTY 50,0.003187668383504594
2023-12-01,NIFTY 50,0.023905448961142772
2023-12-08,NIFTY 50,0.03461137989036511
2023-12-15,NIFTY 50,0.023236239039903017
2023-12-22,NIFTY 50,-0.0049984502728748215
2023-12-29,NIFTY 50,0.017892774176821558
2024-01-05,NIFTY 50,-0.0009479190942469629
2024-01-12,NIFTY 50,0.008463529367313427
2024-01-19,NIFTY 50,-0.012430051355886373
2024-01-26,NIFTY 50,-0.01247783670526148
2024-02-02,NIFTY 50,0.023472606663543782
2024-02-09,NIFTY 50,-0.0032626261199916184
2024-02-16,NIFTY 50,0.011853516297486433
2024-02-23,NIFTY 50,0.00780374516674498
2024-03-01,NIFTY 50,0.005674716971974192
2024-03-08,NIFTY 50,0.006929697554697523
2024-03-15,NIFTY 50,-0.020903821564132397
2024-03-22,NIFTY 50,0.003332844091697762
2024-03-29,NIFTY 50,0.01041557652709102
2024-04-05,NIFTY 50,0.008366536548146897
2024-04-12,NIFTY 50,0.00025323123577369877
2024-04-19,NIFTY 50,-0.016536869728557835
2024-04-26,NIFTY 50,0.012324433049623051
2024-05-03,NIFTY 50,0.0024933326155016644
2024-05-10,NIFTY 50,-0.018715661384811066
2024-05-17,NIFTY 50,0.018630545412424926
2024-05-24,NIFTY 50,0.021855151029202657
2024-05-31,NIFTY 50,-0.018573791893592317
2024-06-07,NIFTY 50,0.03370739471960049
2024-06-14,NIFTY 50,0.007533193895588708
2024-06-21,NIFTY 50,0.0015128528821319875
2024-06-28,NIFTY 50,0.02167983662333617
2024-07-05,NIFTY 50,0.013046321420381757
2024-07-12,NIFTY 50,0.007330286287466459
2024-07-19,NIFTY 50,0.0011733664001589705
2024-07-26,NIFTY 50,0.012390463208034497
2024-08-02,NIFTY 50,-0.004717177372428161
2024-08-09,NIFTY 50,-0.014167953726225035
2024-08-16,NIFTY 50,0.007126311300913013
2024-08-23,NIFTY 50,0.011490903870086111
2024-08-30,NIFTY 50,0.016627623549180237
2024-09-06,NIFTY 50,-0.015206511123437516
2024-09-13,NIFTY 50,0.020294002790408605
2024-09-20,NIFTY 50,0.01713364300080844
2024-09-27,NIFTY 50,0.015044037220542705
2024-10-04,NIFTY 50,-0.04447656014172885
2024-10-11,NIFTY 50,-0.0020128089260372795
2024-10-18,NIFTY 50,-0.0044142811720760955
2024-10-25,NIFTY 50,-0.027088139713140946
2024-11-01,NIFTY 50,0.00510937703191372
2024-11-08,NIFTY 50,-0.006424791987223899
2024-11-15,NIFTY 50,-0.025488443027341434
2024-11-22,NIFTY 50,0.015916184444815906
2024-11-29,NIFTY 50,0.009363252125401234
2024-12-06,NIFTY 50,0.02265546041103761
2024-12-13,NIFTY 50,0.003667263578396307
2024-12-20,NIFTY 50,-0.047673871198458895
2024-12-27,NIFTY 50,0.009577123078961414
2025-01-03,NIFTY 50,0.008035375302820391
2025-01-10,NIFTY 50,-0.02388069028004869
2025-01-17,NIFTY 50,-0.009743327625205356
2025-01-24,NIFTY 50,-0.004783823082047389
2025-01-31,NIFTY 50,0.018023453198734662
2025-02-07,NIFTY 50,0.0021927833144086417
2025-02-14,NIFTY 50,-0.02676997360622757
2025-02-21,NIFTY 50,-0.005815698698169336
2025-02-28,NIFTY 50,-0.02944394212878021
2025-03-07,NIFTY 50,0.01933589139541625
2025-03-14,NIFTY 50,-0.006886189169715062
2025-03-21,NIFTY 50,0.04255894509689506
2025-03-28,NIFTY 50,0.007235388512559782
2025-04-04,NIFTY 50,-0.026144447054772924
2025-04-11,NIFTY 50,-0.003313698433659251
2025-04-18,NIFTY 50,0.04481666923050209
2025-04-25,NIFTY 50,0.007869443651739028
2025-05-02,NIFTY 50,0.012785271414129218
2025-05-09,NIFTY 50,-0.01391150462355728
2025-05-16,NIFTY 50,0.04214431777949024
2025-05-23,NIFTY 50,-0.006660740110684182
2025-05-30,NIFTY 50,-0.004122260971536451
2025-06-06,NIFTY 50,0.01019573468489443
2025-06-13,NIFTY 50,-0.011376658567134212
2025-06-20,NIFTY 50,0.015931354828881306
2025-06-27,NIFTY 50,0.02092195020995069
2025-07-04,NIFTY 50,-0.006896097787736255
2025-07-11,NIFTY 50,-0.012220666534111024
2025-07-18,NIFTY 50,-0.007214723808223522
2025-07-25,NIFTY 50,-0.00526266755455973
2025-08-01,NIFTY 50,-0.010937326997020547
2025-08-08,NIFTY 50,-0.0082249522737462
2025-08-15,NIFTY 50,0.011000151515029977
2025-08-22,NIFTY 50,0.00969493370430441
2025-08-29,NIFTY 50,-0.017822606542070796
2025-09-05,NIFTY 50,0.012860863993874538
2025-09-12,NIFTY 50,0.015076189321369338
2025-09-19,NIFTY 50,0.008483347186827972
2025-09-26,NIFTY 50,-0.02654677673713801
2025-10-03,NIFTY 50,0.009716232152117366
2025-10-10,NIFTY 50,0.015710439534229792
2025-10-17,NIFTY 50,0.01678837771903341
2025-10-24,NIFTY 50,0.0033178249793766046
2025-10-31,NIFTY 50,-0.0028319579511562054
2025-11-07,NIFTY 50,-0.008933906314601336
2025-11-14,NIFTY 50,0.016387300761305124
2025-11-21,NIFTY 50,0.0061018641263879125
2025-11-28,NIFTY 50,0.005171016205794077
2025-12-05,NIFTY 50,-0.0006297001097950172
2025-12-12,NIFTY 50,-0.005327182728543267
2025-12-19,NIFTY 50,-0.0030924476969846904
2025-12-26,NIFTY 50,0.002923023194713048
2026-01-02,NIFTY 50,0.01099173235131734
2026-01-09,NIFTY 50,-0.024507615529659854
2026-01-16,NIFTY 50,0.0004301950212359795
2026-01-23,NIFTY 50,-0.025130008292344796
2026-01-30,NIFTY 50,0.010858868472283012
2026-02-06,NIFTY 50,0.014732987595892144
2026-02-13,NIFTY 50,-0.008663587421952723
2026-02-20,NIFTY 50,0.003931922538127797
2026-02-27,NIFTY 50,-0.015353164564696709
2026-03-06,NIFTY 50,-0.02892137428248087
2026-03-13,NIFTY 50,-0.05314215692931257
2026-03-20,NIFTY 50,-0.0015809015551113692
2026-03-27,NIFTY 50,-0.012758242255943242
2026-04-03,NIFTY 50,-0.004667040694099067
2026-04-10,NIFTY 50,0.05888672277243634
2026-04-17,NIFTY 50,0.012596408272370407
2026-04-24,NIFTY 50,-0.01870780842565145
2026-05-01,NIFTY 50,0.004167787017550939
2026-05-08,NIFTY 50,0.007442409894369062
2026-05-15,NIFTY 50,-0.022032059778696267
2026-05-22,NIFTY 50,0.003205988167995333
2026-05-29,NIFTY 50,-0.007232539560593221
2026-06-05,NIFTY 50,-0.007688665849178822
2026-06-12,NIFTY 50,0.010964371539024187
2026-06-19,NIFTY 50,0.016517837026686744
2026-06-26,NIFTY 50,0.00178654115140775
2026-07-03,NIFTY 50,0.008931227526396635
2026-07-10,NIFTY 50,-0.0026348158296567448
2026-07-17,NIFTY 50,0.0052629782652529045
2026-07-24,NIFTY 50,-0.023294343552158647
2026-07-31,NIFTY 50,0.025924127783090833
2026-08-07,NIFTY 50,0.007671171781301833
2026-08-14,NIFTY 50,-0.008329058749828033
2026-08-21,NIFTY 50,-0.004678650578675225
2026-08-28,NIFTY 50,-0.003148177856465484
2026-09-04,NIFTY 50,-0.011497153846284358
2026-09-11,NIFTY 50,-0.02090576188116955
2026-09-18,NIFTY 50,-0.005449160492885241
