Signal_Date,Asset,ROC,Return,Date
2007-12-14,nifty_bank,0.31330301970996044,-0.05688989488989604,2007-12-14
2007-12-21,nifty_bank,0.14961701658475612,0.06304716392913279,2007-12-21
2007-12-28,nifty_bank,0.2527771083617476,0.04119212299400954,2007-12-28
2008-01-04,nifty_bank,0.28979079850170164,0.03208669850174606,2008-01-04
2008-01-11,nifty_bank,0.42266091254491767,-0.07779629214055594,2008-01-11
2008-01-18,nifty_bank,0.11314414516772398,0.0012679400075679137,2008-01-18
2008-01-25,nifty_bank,0.020035123032245528,-0.04360021485426435,2008-01-25
2008-02-01,nifty_bank,0.05078719106463869,-0.05468500923316222,2008-02-01
2008-02-08,nifty_bank,-0.06936246138495683,0.06385956727770226,2008-02-08
2008-02-15,nifty_bank,0.044793258620070775,-0.07408811357965417,2008-02-15
2008-02-22,nifty_bank,-0.07366348192144634,0.00037420411350175264,2008-02-22
2008-02-29,nifty_bank,-0.11308072030421867,-0.16346023938755994,2008-02-29
2008-03-07,nifty_it,-0.17674029191517748,-0.061495752223794886,2008-03-07
2008-03-14,nifty_bank,-0.23140573472530457,-0.09139462360153394,2008-03-14
2008-03-21,nifty_it,-0.2743204225776178,0.1152621453191649,2008-03-21
2008-03-28,nifty_it,-0.14976593333219923,-0.02640403995310392,2008-03-28
2008-04-04,nifty_it,-0.1368533351426241,0.006063184999840043,2008-04-04
2008-04-11,nifty_it,-0.05796800434883009,0.1253841018690054,2008-04-11
2008-04-18,nifty_it,0.09018155383547799,-0.03220112712396439,2008-04-18
2008-04-25,nifty_it,0.022446448340030623,0.07031397529219108,2008-04-25
2008-05-02,nifty_it,0.12558537383768864,-0.027823215136817292,2008-05-02
2008-05-09,nifty_it,0.09549868279083218,0.050340803838794246,2008-05-09
2008-05-16,nifty_it,0.13326110746240882,-0.035649524599716376,2008-05-16
2008-05-23,nifty_it,0.10185722114600315,0.06787613592799469,2008-05-23
2008-05-30,nifty_it,0.2462221493083716,-0.02496620144200934,2008-05-30
2008-06-06,nifty_it,0.29472905313583486,-0.05438269638759663,2008-06-06
2008-06-13,nifty_it,0.23465156188222203,-0.03308117462207261,2008-06-13
2008-06-20,nifty_it,0.07042800921440628,-0.042371483451101644,2008-06-20
2008-06-27,nifty_it,0.05287247338927625,-0.00044971987813102743,2008-06-27
2008-07-04,nifty_it,0.046056541378187266,-0.04031694832521593,2008-07-04
2008-07-11,nifty_it,-0.10796435440400354,-0.06977468481410343,2008-07-11
2008-07-18,nifty_it,-0.14259650136224322,0.023924837281740663,2008-07-18
2008-07-25,nifty_it,-0.17975775511312664,0.05326699012242053,2008-07-25
2008-08-01,nifty_it,-0.11134055668194298,0.016758130002716642,2008-08-01
2008-08-08,nifty_it,-0.1397537727802114,-0.0022980288592627796,2008-08-08
2008-08-15,nifty_it,-0.11000266142108317,-0.019962123649850616,2008-08-15
2008-08-22,nifty_bank,-0.12276083151417949,0.05643995654875367,2008-08-22
2008-08-29,nifty_bank,-0.006188874880296513,0.03057174210958502,2008-08-29
2008-09-05,nifty_bank,0.049297981883776654,-0.015019271991504324,2008-09-05
2008-09-12,nifty_bank,0.07563466767987048,0.019034073150076436,2008-09-12
2008-09-19,nifty_bank,0.21131664836787145,-0.07659155456476707,2008-09-19
2008-09-26,nifty_bank,0.1678455211892973,-0.006047764370414543,2008-09-26
2008-10-03,nifty_bank,0.10545344739202278,-0.14764343311520034,2008-10-03
2008-10-10,nifty_bank,-0.0837144838275039,0.049726570410591364,2008-10-10
2008-10-17,nifty_bank,-0.12399344210782037,-0.1685138626834628,2008-10-17
2008-10-24,nifty_bank,-0.2770677342313098,0.04910625171774452,2008-10-24
2008-10-31,nifty_bank,-0.2986893842089957,0.11541004198287719,2008-10-31
2008-11-07,nifty_bank,-0.1635973220707294,-0.06427018962764752,2008-11-07
2008-11-14,nifty_bank,-0.182936425078301,-0.08871884470381819,2008-11-14
2008-11-21,nifty_bank,-0.2952040161965298,-0.002220636764952655,2008-11-21
2008-11-28,nifty_bank,-0.31763034129916234,0.01534555985105146,2008-11-28
2008-12-05,nifty_bank,-0.2965943561760762,0.06846449499368834,2008-12-05
2008-12-12,nifty_bank,-0.26247416469522344,0.10500936957143314,2008-12-12
2008-12-19,nifty_bank,-0.11742960296550897,-0.06895205500711465,2008-12-19
2008-12-26,nifty_bank,-0.17328486720488145,0.08469654883158939,2008-12-26
2009-01-02,nifty_bank,0.05206563338522674,-0.055513829747738774,2009-01-02
2009-01-09,nifty_bank,-0.05340926967165316,-0.06632771156945994,2009-01-09
2009-01-16,nifty_bank,0.06292275207992937,-0.10894408680081857,2009-01-16
2009-01-23,nifty_bank,-0.09720907490160835,0.09171635322083338,2009-01-23
2009-01-30,nifty_bank,-0.11638628004712859,-0.02746517097486645,2009-01-30
2009-02-06,nifty_bank,-0.0816311412407914,0.05345920204264387,2009-02-06
2009-02-13,nifty_bank,0.0616527286958406,-0.13829849465198985,2009-02-13
2009-02-20,nifty_bank,-0.083136224116792,-0.01067507143210844,2009-02-20
2009-02-27,nifty_it,-0.07981979670163686,-0.009789407881191536,2009-02-27
2009-03-06,nifty_it,-0.062546556915688,0.053409526805664465,2009-03-06
2009-03-13,nifty_it,-0.06226917264895415,0.02060109322598236,2009-03-13
2009-03-20,nifty_it,0.04856309451931251,0.07105205347077526,2009-03-20
2009-03-27,nifty_it,0.05521917468429649,0.044476997663857265,2009-03-27
2009-04-03,nifty_it,0.1284841408017534,0.024960404666801494,2009-04-03
2009-04-10,nifty_it,0.16673516139981537,-0.007393749591101173,2009-04-10
2009-04-17,nifty_bank,0.23878348990573595,0.013535999650848396,2009-04-17
2009-04-24,nifty_it,0.19296866224868015,0.04353642694896909,2009-04-24
2009-05-01,nifty_it,0.26806552277777973,0.029124618195742746,2009-05-01
2009-05-08,nifty_it,0.3011269947823243,0.04544891420330699,2009-05-08
2009-05-15,nifty_bank,0.4475015112965304,0.2355115488008621,2009-05-15
2009-05-22,nifty_bank,0.8077021840563448,0.05372856522072822,2009-05-22
2009-05-29,nifty_bank,1.145759442056356,-0.008894939467903984,2009-05-29
2009-06-05,nifty_bank,1.0228201506692587,-0.03610307117375078,2009-06-05
2009-06-12,nifty_bank,0.9186554138582756,0.019828846845991066,2009-06-12
2009-06-19,nifty_bank,0.639182655178443,0.024212526438386783,2009-06-19
2009-06-26,nifty_bank,0.6715695759855702,0.02265334021998111,2009-06-26
2009-07-03,nifty_bank,0.6502464942857418,-0.1381764241604051,2009-07-03
2009-07-10,nifty_it,0.34930833238956915,0.1020416647828657,2009-07-10
2009-07-17,nifty_it,0.42093962947815644,0.08032177811794128,2009-07-17
2009-07-24,nifty_it,0.47102869384660084,0.0623282150852551,2009-07-24
2009-07-31,nifty_it,0.5184898495704049,-0.012020601848771628,2009-07-31
2009-08-07,nifty_it,0.4350167351989511,0.02663632428997187,2009-08-07
2009-08-14,nifty_it,0.45419186355803,-0.005419071690328292,2009-08-14
2009-08-21,nifty_it,0.36853228337735766,0.0808122449759785,2009-08-21
2009-08-28,nifty_it,0.40550150599596524,-0.0034949112697753026,2009-08-28
2009-09-04,nifty_it,0.34481963526053927,0.01721700906153445,2009-09-04
2009-09-11,nifty_it,0.38199742044358387,0.04041246357136008,2009-09-11
2009-09-18,nifty_it,0.39174846940812347,-0.014751751822627113,2009-09-18
2009-09-25,nifty_it,0.38369109245852484,0.0547231127053156,2009-09-25
2009-10-02,nifty_it,0.5112891859740232,-0.07716392672492134,2009-10-02
2009-10-09,nifty_it,0.2655348908629045,0.03404337346440611,2009-10-09
2009-10-16,nifty_bank,0.28991076456705267,-0.03551070126610645,2009-10-16
2009-10-23,nifty_bank,0.21789388171847035,-0.08160297215770307,2009-10-23
2009-10-30,nifty_it,0.1801776074538335,0.0038227487156117235,2009-10-30
2009-11-06,nifty_bank,0.1758739134698477,0.04950857035391887,2009-11-06
2009-11-13,nifty_bank,0.24109070900824658,0.0069246215569152,2009-11-13
2009-11-20,nifty_bank,0.23209797992750558,-0.029721067333933093,2009-11-20
2009-11-27,nifty_bank,0.20162139694032755,0.033538102811097925,2009-11-27
2009-12-04,nifty_bank,0.1680490181937886,-0.01599229993331519,2009-12-04
2009-12-11,nifty_it,0.10885611135878515,0.029296964476333898,2009-12-11
2009-12-18,nifty_it,0.15843111781626318,0.02585000275811722,2009-12-18
2009-12-25,nifty_it,0.1267189948637535,-0.0019384003619664636,2009-12-25
2010-01-01,nifty_it,0.21856415773321647,-0.03617833141981308,2010-01-01
2010-01-08,nifty_it,0.1358116786180119,0.09103229531373103,2010-01-08
2010-01-15,nifty_it,0.19356632539097784,-0.03984698754229987,2010-01-15
2010-01-22,nifty_it,0.1635636834326537,-0.04773945300964222,2010-01-22
2010-01-29,nifty_it,0.1037962539316799,-0.025812662310541912,2010-01-29
2010-02-05,nifty_it,0.013134149032573816,0.035680571643194714,2010-02-05
2010-02-12,nifty_it,0.03306465523019653,0.012092058686486995,2010-02-12
2010-02-19,nifty_it,0.08550122476247024,0.009496800522570181,2010-02-19
2010-02-26,nifty_it,0.062085621702004046,0.013265818823420705,2010-02-26
2010-03-05,nifty_it,0.05834948099027959,0.02010023670341976,2010-03-05
2010-03-12,nifty_bank,0.06662250156108951,0.010672678203565322,2010-03-12
2010-03-19,nifty_it,0.05416230499364039,0.0010495092834972297,2010-03-19
2010-03-26,nifty_it,0.057318164030915275,-0.027292365774642002,2010-03-26
2010-04-02,nifty_it,0.06706612175781945,-0.005564806933071487,2010-04-02
2010-04-09,nifty_bank,0.08364853085479984,-0.03135193910837264,2010-04-09
2010-04-16,nifty_bank,0.06623991422204623,0.04913000718294791,2010-04-16
2010-04-23,nifty_bank,0.13428229926741575,0.005813518981683252,2010-04-23
2010-04-30,nifty_bank,0.20029788822849848,-0.06020556753486961,2010-04-30
2010-05-07,nifty_bank,0.1067481777568775,0.03373726118639486,2010-05-07
2010-05-14,nifty_bank,0.12983825405975757,-0.047277844896934984,2010-05-14
2010-05-21,nifty_bank,0.04734174375197053,0.01936353101355781,2010-05-21
2010-05-28,nifty_bank,0.030331462600156733,0.0153931868597883,2010-05-28
2010-06-04,nifty_bank,0.030857176316531953,-0.00044418543094504326,2010-06-04
2010-06-11,nifty_bank,0.01951829390394222,0.01317216388499487,2010-06-11
2010-06-18,nifty_bank,0.012695353546661403,-0.013068830766218564,2010-06-18
2010-06-25,nifty_bank,-0.0059583382635218785,-0.009940559578570873,2010-06-25
2010-07-02,nifty_it,-0.019224694047788815,0.046622021959480175,2010-07-02
2010-07-09,nifty_bank,0.03848191316985172,0.030858477611307,2010-07-09
2010-07-16,nifty_bank,0.020395829599478388,0.008034213357366093,2010-07-16
2010-07-23,nifty_bank,0.02264871966010884,0.006647540274651531,2010-07-23
2010-07-30,nifty_bank,0.09539574043929688,0.021912251808384964,2010-07-30
2010-08-06,nifty_bank,0.082865414417711,0.0340630900929928,2010-08-06
2010-08-13,nifty_bank,0.17531764175933673,0.027604613932492805,2010-08-13
2010-08-20,nifty_bank,0.18481954156950087,-0.02776026325478642,2010-08-20
2010-08-27,nifty_bank,0.13446559824630921,0.024586457657500782,2010-08-27
2010-09-03,nifty_bank,0.16287462060597235,0.041442243968430326,2010-09-03
2010-09-10,nifty_bank,0.19532177995692468,0.057431347274361944,2010-09-10
2010-09-17,nifty_bank,0.2807080773297914,0.013173238857767,2010-09-17
2010-09-24,nifty_bank,0.31060732089701615,0.023908264734280316,2010-09-24
2010-10-01,nifty_bank,0.29268453293004226,-0.006637832988233394,2010-10-01
2010-10-08,nifty_bank,0.24566459585169276,-0.010177673395934228,2010-10-08
2010-10-15,nifty_bank,0.22315950400893803,0.0031061243327705768,2010-10-15
2010-10-22,nifty_bank,0.2188563925487157,-0.00436420495606582,2010-10-22
2010-10-29,nifty_bank,0.1875159058834417,0.06910775018753923,2010-10-29
2010-11-05,nifty_bank,0.22776112078112276,-0.055041042899293235,2010-11-05
2010-11-12,nifty_bank,0.12901776863600323,-0.031656106504445836,2010-11-12
2010-11-19,nifty_bank,0.12449370313399966,-0.03267033184723267,2010-11-19
2010-11-26,nifty_it,0.08875755764713711,0.0364679389849929,2010-11-26
2010-12-03,nifty_it,0.08801172680795788,0.0018157840184087615,2010-12-03
2010-12-10,nifty_it,0.060398125010882486,0.04989004413375486,2010-12-10
2010-12-17,nifty_it,0.08698201763249647,0.019669167405901966,2010-12-17
2010-12-24,nifty_it,0.08795484766417982,0.01869142495737952,2010-12-24
2010-12-31,nifty_it,0.11630024016599672,-0.020998290093328875,2010-12-31
2011-01-07,nifty_it,0.08970144548689363,-0.03621582487229036,2011-01-07
2011-01-14,nifty_it,0.04295348946622801,0.025692482436396435,2011-01-14
2011-01-21,nifty_it,0.09625370350243823,-0.02544204143568085,2011-01-21
2011-01-28,nifty_it,0.03618021145618622,-0.03038776456154968,2011-01-28
2011-02-04,nifty_it,0.028132083914140793,-0.019122273341567464,2011-02-04
2011-02-11,nifty_it,0.03323593485719223,0.016727047387475658,2011-02-11
2011-02-18,nifty_it,0.03274932816487697,-0.02228467361223574,2011-02-18
2011-02-25,nifty_it,-0.025792493444327547,0.019573939911828875,2011-02-25
2011-03-04,nifty_it,-0.008523721031336806,-0.012965150717600737,2011-03-04
2011-03-11,nifty_bank,-0.05980315138998471,-0.002332177715378636,2011-03-11
2011-03-18,nifty_bank,-0.06631925686613549,0.06265450308309006,2011-03-18
2011-03-25,nifty_bank,-0.03427486729203699,0.017883993055242797,2011-03-25
2011-04-01,nifty_bank,0.04863689333426402,0.007100350126668875,2011-04-01
2011-04-08,nifty_bank,0.11888828254217576,0.005345588471505458,2011-04-08
2011-04-15,nifty_bank,0.07771318618503198,0.013556948620597753,2011-04-15
2011-04-22,nifty_bank,0.12445347765462156,-0.03455305912272222,2011-04-22
2011-04-29,nifty_fmcg,0.16468920878862958,-0.033743871046419294,2011-04-29
2011-05-06,nifty_fmcg,0.13134027544507898,0.038560828182357954,2011-05-06
2011-05-13,nifty_fmcg,0.14377531398632581,-0.005707405373192476,2011-05-13
2011-05-20,nifty_fmcg,0.14434339537191243,0.004443631230885758,2011-05-20
2011-05-27,nifty_fmcg,0.0762478313260131,0.030369271605902082,2011-05-27
2011-06-03,nifty_fmcg,0.119898175647009,-0.007081841630044994,2011-06-03
2011-06-10,nifty_fmcg,0.13629039806194765,0.0046803140055098336,2011-06-10
2011-06-17,nifty_fmcg,0.10575592280235169,0.006542129832646015,2011-06-17
2011-06-24,nifty_fmcg,0.07921751996213988,0.03763455123126058,2011-06-24
2011-07-01,nifty_fmcg,0.11095491478241337,0.0006254401398864129,2011-07-01
2011-07-08,nifty_fmcg,0.08763130595095836,-0.002059208294975523,2011-07-08
2011-07-15,nifty_fmcg,0.08172054305296594,0.016973738711674402,2011-07-15
2011-07-22,nifty_fmcg,0.0925986355663353,-0.0035615036100378195,2011-07-22
2011-07-29,nifty_fmcg,0.1267274886633556,-0.04483629740315742,2011-07-29
2011-08-05,nifty_fmcg,0.03625052157307462,0.00016057484815923395,2011-08-05
2011-08-12,nifty_fmcg,0.04236612335651002,-0.0019209073970803958,2011-08-12
2011-08-19,nifty_fmcg,0.035761293328909316,-0.005859100311734866,2011-08-19
2011-08-26,nifty_fmcg,-0.0006566651512855959,0.02597555553098463,2011-08-26
2011-09-02,nifty_fmcg,0.032614646529181224,-0.008843279183836428,2011-09-02
2011-09-09,nifty_fmcg,0.01871504064823548,-0.003588812752163162,2011-09-09
2011-09-16,nifty_fmcg,0.00846157655448243,-0.027930403733407272,2011-09-16
2011-09-23,nifty_fmcg,-0.055260027329982364,0.02098910432469281,2011-09-23
2011-09-30,nifty_fmcg,-0.036033684710984004,-0.005126838800855293,2011-09-30
2011-10-07,nifty_fmcg,-0.038996879020707365,0.027054608320168372,2011-10-07
2011-10-14,nifty_auto,-0.004734629624622344,-0.0003384415533250751,2011-10-14
2011-10-21,nifty_auto,0.005717536347337848,0.07900551251381494,2011-10-21
2011-10-28,nifty_auto,0.11919732553413387,-0.030686395572946168,2011-10-28
2011-11-04,nifty_it,0.14474040070390037,-0.005056304098043696,2011-11-04
2011-11-11,nifty_it,0.20630248831179498,-0.02448597235749639,2011-11-11
2011-11-18,nifty_it,0.18258092906138357,-0.036616307708235984,2011-11-18
2011-11-25,nifty_it,0.07676240455133643,0.05613669735263804,2011-11-25
2011-12-02,nifty_it,0.1467822292408687,0.002017034061184475,2011-12-02
2011-12-09,nifty_it,0.11670811479820054,-0.003699962562650261,2011-12-09
2011-12-16,nifty_it,0.13875456284057575,-0.008826056024914153,2011-12-16
2011-12-23,nifty_it,0.06686157562942663,0.013270376167400899,2011-12-23
2011-12-30,nifty_it,0.08829182805077207,0.023147108267836725,2011-12-30
2012-01-06,nifty_pharma,0.026598249831416565,0.02005961127212119,2012-01-06
2012-01-13,nifty_pharma,0.04026831792184882,0.008186023342311888,2012-01-13
2012-01-20,nifty_pharma,0.003876415518839993,0.006929670666109722,2012-01-20
2012-01-27,nifty_pharma,0.015835016990802808,0.017039311998278572,2012-01-27
2012-02-03,nifty_bank,0.09051343319281635,0.030492466987598776,2012-02-03
2012-02-10,nifty_metal,0.19560118341504862,0.017791844840280957,2012-02-10
2012-02-17,nifty_realty,0.33913669531810964,-0.07479964381121995,2012-02-17
2012-02-24,nifty_realty,0.16741573033707868,-0.04311837131180818,2012-02-24
2012-03-02,nifty_bank,0.18422220463668548,0.006838080874908892,2012-03-02
2012-03-09,nifty_bank,0.2855823634858665,-0.010879933845123868,2012-03-09
2012-03-16,nifty_psu_bank,0.31151961342615553,-0.021512053381633978,2012-03-16
2012-03-23,nifty_psu_bank,0.32170135836605374,-0.01947948443747205,2012-03-23
2012-03-30,nifty_realty,0.28625232822758506,0.010458063033191856,2012-03-30
2012-04-06,nifty_auto,0.18605766701601834,0.009776116601866391,2012-04-06
2012-04-13,nifty_fmcg,0.15773650079900703,0.029828918190095033,2012-04-13
2012-04-20,nifty_fmcg,0.1869007899628694,-0.0048787820185861586,2012-04-20
2012-04-27,nifty_fmcg,0.15760893196281223,-0.010317233988257346,2012-04-27
2012-05-04,nifty_fmcg,0.14238553606614324,-0.018451876486448637,2012-05-04
2012-05-11,nifty_fmcg,0.11605374860526463,0.014125613411234417,2012-05-11
2012-05-18,nifty_fmcg,0.12287975827884656,-0.022365785405559446,2012-05-18
2012-05-25,nifty_fmcg,0.11319188509017275,0.0016025945477640136,2012-05-25
2012-06-01,nifty_fmcg,0.10659377583777019,0.019041856807268998,2012-06-01
2012-06-08,nifty_fmcg,0.09319760453277892,0.0318934674911151,2012-06-08
2012-06-15,nifty_fmcg,0.10065461581639545,0.008625038787008599,2012-06-15
2012-06-22,nifty_fmcg,0.0848718513026403,0.026888124198445107,2012-06-22
2012-06-29,nifty_fmcg,0.11352552798627547,-0.014172205387538606,2012-06-29
2012-07-06,nifty_media,0.09026851601704666,-0.02000069090240253,2012-07-06
2012-07-13,nifty_media,0.05980152922094706,0.009287365870807252,2012-07-13
2012-07-20,nifty_media,0.09024990477970385,-0.00738472557871539,2012-07-20
2012-07-27,nifty_media,0.07517379861353723,0.0237603703656859,2012-07-27
2012-08-03,nifty_media,0.14011191305192305,0.027964843676341777,2012-08-03
2012-08-10,nifty_media,0.18598829419646012,0.007920609207565876,2012-08-10
2012-08-17,nifty_media,0.19680059244393644,-0.01736928968721907,2012-08-17
2012-08-24,nifty_media,0.20108623351017885,-0.02066587193305114,2012-08-24
2012-08-31,nifty_fmcg,0.14539518517416128,0.0014038229513670952,2012-08-31
2012-09-07,nifty_media,0.17464554398148158,0.01679213429273463,2012-09-07
2012-09-14,nifty_media,0.18077583329578806,0.038416609972777405,2012-09-14
2012-09-21,nifty_media,0.1560860515510949,0.06474179886332676,2012-09-21
2012-09-28,nifty_media,0.19308584088891134,0.022373244354023214,2012-09-28
2012-10-05,nifty_media,0.24467336927578098,-0.030380029946568632,2012-10-05
2012-10-12,nifty_media,0.1957547432511595,0.0323665726506448,2012-10-12
2012-10-19,nifty_media,0.24364117481535397,-0.024492592701060967,2012-10-19
2012-10-26,nifty_media,0.18502455571803944,0.00154106611988869,2012-10-26
2012-11-02,nifty_media,0.1545635672398311,-0.007373213028159409,2012-11-02
2012-11-09,nifty_realty,0.16547255272939454,-0.006742006699949066,2012-11-09
2012-11-16,nifty_media,0.19828847005506867,0.029440169138858607,2012-11-16
2012-11-23,nifty_media,0.25959695464253785,0.01960077470587973,2012-11-23
2012-11-30,nifty_realty,0.30469889286022367,0.05289816825828253,2012-11-30
2012-12-07,nifty_realty,0.2963048216927684,-0.021022604756088303,2012-12-07
2012-12-14,nifty_media,0.16825363761270284,0.023779585761889654,2012-12-14
2012-12-21,nifty_media,0.1233091689053527,0.0012555007401198193,2012-12-21
2012-12-28,nifty_media,0.10010653213928755,0.04120952483131979,2012-12-28
2013-01-04,nifty_media,0.1813302479005856,-0.001259093377925291,2013-01-04
2013-01-11,nifty_realty,0.168736060398593,0.08028557054317131,2013-01-11
2013-01-18,nifty_realty,0.2863956285564022,-0.0664194954341707,2013-01-18
2013-01-25,nifty_realty,0.20897698452179014,0.006216606411442616,2013-01-25
2013-02-01,nifty_media,0.18318053649438837,-0.01621359998390004,2013-02-01
2013-02-08,nifty_it,0.13634030268012598,0.0016708314540130331,2013-02-08
2013-02-15,nifty_it,0.1254365057857456,0.018749618983197935,2013-02-15
2013-02-22,nifty_it,0.11648905882030092,0.017853964537019706,2013-02-22
2013-03-01,nifty_it,0.18504893990634752,0.033620382724899756,2013-03-01
2013-03-08,nifty_it,0.23693833802698494,-0.01803043391922654,2013-03-08
2013-03-15,nifty_it,0.207822769892688,-0.014471930561984925,2013-03-15
2013-03-22,nifty_it,0.17794594940439268,0.013939998696965716,2013-03-22
2013-03-29,nifty_it,0.1732187439938917,-0.023784253007890555,2013-03-29
2013-04-05,nifty_it,0.06137186743776635,-0.09825681791270591,2013-04-05
2013-04-12,nifty_pharma,0.04720045256993677,0.018150911218171695,2013-04-12
2013-04-19,nifty_pharma,0.06823314654370805,0.023633476668731612,2013-04-19
2013-04-26,nifty_pharma,0.08614029262555212,0.012473853468642382,2013-04-26
2013-05-03,nifty_pharma,0.12838015363249178,0.0014726830853608597,2013-05-03
2013-05-10,nifty_fmcg,0.17671975319805844,-0.022066977046208414,2013-05-10
2013-05-17,nifty_fmcg,0.17535673722745937,-0.008301933998111966,2013-05-17
2013-05-24,nifty_fmcg,0.16829162885893334,0.02429243240365153,2013-05-24
2013-05-31,nifty_fmcg,0.17579456266263738,-0.011077195120291594,2013-05-31
2013-06-07,nifty_fmcg,0.14462593013523573,-0.01601778884510907,2013-06-07
2013-06-14,nifty_fmcg,0.12623571577089665,-0.02003788003844409,2013-06-14
2013-06-21,nifty_pharma,0.10832355075697131,0.024015354196594396,2013-06-21
2013-06-28,nifty_fmcg,0.1255580954784732,0.05681562031927978,2013-06-28
2013-07-05,nifty_fmcg,0.1775032704762063,0.01351755867315485,2013-07-05
2013-07-12,nifty_it,0.16314215395752152,0.03507880602455571,2013-07-12
2013-07-19,nifty_it,0.2563329733512425,0.021229500185390382,2013-07-19
2013-07-26,nifty_it,0.23106330579111423,0.025492639652388016,2013-07-26
2013-08-02,nifty_it,0.22026910230662922,-0.007240693229068618,2013-08-02
2013-08-09,nifty_it,0.23225222293091385,-0.003492940327475713,2013-08-09
2013-08-16,nifty_it,0.22799653047886093,0.015307040854408704,2013-08-16
2013-08-23,nifty_it,0.21958273398880612,0.061977421477668715,2013-08-23
2013-08-30,nifty_it,0.28170283728069134,-0.019791513515692416,2013-08-30
2013-09-06,nifty_it,0.28979343933762247,-0.0053368341332988845,2013-09-06
2013-09-13,nifty_it,0.2806082526672282,-0.004876031413608151,2013-09-13
2013-09-20,nifty_it,0.2258993125576343,0.004149862385712133,2013-09-20
2013-09-27,nifty_it,0.2364754740091728,0.02275132205534991,2013-09-27
2013-10-04,nifty_it,0.15214358731605682,0.06199462492192631,2013-10-04
2013-10-11,nifty_it,0.1821035168977181,0.0026717944686764916,2013-10-11
2013-10-18,nifty_metal,0.264715805679248,-0.002816625293434849,2013-10-18
2013-10-25,nifty_metal,0.36075777506055284,0.036429258386555974,2013-10-25
2013-11-01,nifty_metal,0.3395921015073802,0.0036554554485623836,2013-11-01
2013-11-08,nifty_metal,0.3271079473906404,-0.01349110931634212,2013-11-08
2013-11-15,nifty_auto,0.18883230668471462,-0.02052952098193017,2013-11-15
2013-11-22,nifty_psu_bank,0.20176367132944772,0.047538392880474456,2013-11-22
2013-11-29,nifty_auto,0.19181785667353668,-0.0018265433542722365,2013-11-29
2013-12-06,nifty_psu_bank,0.15688490427052315,-0.053882647169570363,2013-12-06
2013-12-13,nifty_metal,0.11975728735120783,0.015153348664213473,2013-12-13
2013-12-20,nifty_realty,0.17855985467705993,0.03538840851805758,2013-12-20
2013-12-27,nifty_realty,0.1721439749608764,-0.009078755397822103,2013-12-27
2014-01-03,nifty_metal,0.11991501521557457,-0.014191378854682357,2014-01-03
2014-01-10,nifty_it,0.09993991634404997,0.010390731805438147,2014-01-10
2014-01-17,nifty_it,0.12162198551404457,0.012762639486704419,2014-01-17
2014-01-24,nifty_it,0.1376150169259147,-0.005299416081864017,2014-01-24
2014-01-31,nifty_it,0.11170714879611188,-0.031037042478302967,2014-01-31
2014-02-07,nifty_it,0.08873847784078093,0.02145949549198667,2014-02-07
2014-02-14,nifty_it,0.12179227884882904,0.024920181676917563,2014-02-14
2014-02-21,nifty_it,0.14514636563642558,0.02351240758062456,2014-02-21
2014-02-28,nifty_it,0.17113550753584184,-0.027436093013150975,2014-02-28
2014-03-07,nifty_it,0.12249942273615,-0.06124880028763957,2014-03-07
2014-03-14,nifty_bank,0.06761214684374783,0.0030275759222821996,2014-03-14
2014-03-21,nifty_fmcg,0.059941433000014754,0.010992915114891977,2014-03-21
2014-03-28,nifty_bank,0.14068136185033908,-0.015915701419199513,2014-03-28
2014-04-04,nifty_bank,0.16162442710450153,0.022984933954026454,2014-04-04
2014-04-11,nifty_psu_bank,0.20049315873629725,-0.00031338873692610125,2014-04-11
2014-04-18,nifty_psu_bank,0.223199626007069,0.036532754075373264,2014-04-18
2014-04-25,nifty_psu_bank,0.367470732289513,-0.011440395212012233,2014-04-25
2014-05-02,nifty_psu_bank,0.3531941010560038,0.04290933809159658,2014-05-02
2014-05-09,nifty_psu_bank,0.46160814648717285,0.1307642170441583,2014-05-09
2014-05-16,nifty_psu_bank,0.6443532720812406,0.14354061498036597,2014-05-16
2014-05-23,nifty_psu_bank,0.8348208318280348,-0.08110288947729805,2014-05-23
2014-05-30,nifty_psu_bank,0.5368726578771175,0.09262203817111225,2014-05-30
2014-06-06,nifty_psu_bank,0.6695095087106482,-0.06173907527837896,2014-06-06
2014-06-13,nifty_psu_bank,0.5361774448831056,-0.017497131253762288,2014-06-13
2014-06-20,nifty_realty,0.38982585803498515,0.02505386271963883,2014-06-20
2014-06-27,nifty_psu_bank,0.3582327089848454,0.03119410336057382,2014-06-27
2014-07-04,nifty_psu_bank,0.34540258212939623,-0.11856949662326033,2014-07-04
2014-07-11,nifty_realty,0.25728406729141984,0.044692751187836555,2014-07-11
2014-07-18,nifty_realty,0.3304347665256506,-0.02337094065282952,2014-07-18
2014-07-25,nifty_realty,0.37277279884753667,-0.02778343548459672,2014-07-25
2014-08-01,nifty_realty,0.31342464081228605,-0.019816437465477565,2014-08-01
2014-08-08,nifty_pharma,0.18587683246964803,0.03318511521290346,2014-08-08
2014-08-15,nifty_pharma,0.25961035816333267,0.05538712915913302,2014-08-15
2014-08-22,nifty_pharma,0.2908373939028561,0.012675666201015678,2014-08-22
2014-08-29,nifty_pharma,0.31404845074581456,0.029968399718139915,2014-08-29
2014-09-05,nifty_pharma,0.3002748525086596,-0.003018993335983433,2014-09-05
2014-09-12,nifty_pharma,0.28710659994616816,0.022616452990848357,2014-09-12
2014-09-19,nifty_pharma,0.26626599689032404,-0.008085159921131568,2014-09-19
2014-09-26,nifty_pharma,0.1938509463989435,0.02809556533617763,2014-09-26
2014-10-03,nifty_pharma,0.22424755891205428,-0.043216962358562094,2014-10-03
2014-10-10,nifty_pharma,0.16996615311991436,-0.014685165147132473,2014-10-10
2014-10-17,nifty_pharma,0.11019125526486162,0.026924643772111567,2014-10-17
2014-10-24,nifty_auto,0.1670695415797645,0.03201064807632359,2014-10-24
2014-10-31,nifty_auto,0.19198116786214237,-0.01558167095449925,2014-10-31
2014-11-07,nifty_media,0.2116383855074797,0.0076251519504917376,2014-11-07
2014-11-14,nifty_media,0.1727029235204831,0.011822746730368427,2014-11-14
2014-11-21,nifty_media,0.21895722929586814,0.008151075993898305,2014-11-21
2014-11-28,nifty_psu_bank,0.2077582290073514,0.00708811976072532,2014-11-28
2014-12-05,nifty_media,0.20794639112281788,-0.026665234002700378,2014-12-05
2014-12-12,nifty_psu_bank,0.14690631974903612,-0.012667008028685589,2014-12-12
2014-12-19,nifty_psu_bank,0.21503640823146108,0.021322090913584724,2014-12-19
2014-12-26,nifty_psu_bank,0.26125220890607914,0.019989828123471387,2014-12-26
2015-01-02,nifty_psu_bank,0.27561717727777846,-0.040112186969827324,2015-01-02
2015-01-09,nifty_psu_bank,0.18538150430120903,0.029550293308516773,2015-01-09
2015-01-16,nifty_psu_bank,0.1932231867824139,0.02849094164368693,2015-01-16
2015-01-23,nifty_bank,0.17762624918844439,-0.011406000570971409,2015-01-23
2015-01-30,nifty_bank,0.1439264374235083,-0.053268700787401535,2015-01-30
2015-02-06,nifty_bank,0.06883496334501649,0.0310325934966873,2015-02-06
2015-02-13,nifty_realty,0.07500595067437832,0.02428792260596535,2015-02-13
2015-02-20,nifty_fmcg,0.10597954721127856,-0.0038826274114976966,2015-02-20
2015-02-27,nifty_it,0.08830427524650553,0.00880527624305305,2015-02-27
2015-03-06,nifty_it,0.15879372614078813,-0.027898591399865724,2015-03-06
2015-03-13,nifty_pharma,0.16357768265776151,0.010827232807363973,2015-03-13
2015-03-20,nifty_pharma,0.1754694967507029,-0.002669903964229836,2015-03-20
2015-03-27,nifty_pharma,0.1490516497075287,0.0435038506517309,2015-03-27
2015-04-03,nifty_pharma,0.20134806004369565,0.028143617622729433,2015-04-03
2015-04-10,nifty_pharma,0.21662169373282514,-0.05158856350544705,2015-04-10
2015-04-17,nifty_pharma,0.10603922103008956,-0.046775185890823634,2015-04-17
2015-04-24,nifty_pharma,0.044165390658829295,-0.012465208461302169,2015-04-24
2015-05-01,nifty_pharma,0.06489912935227915,0.003889630893255225,2015-05-01
2015-05-08,nifty_pharma,0.026700802742813723,0.01569226765203635,2015-05-08
2015-05-15,nifty_pharma,0.0466649972864257,0.03216433214331493,2015-05-15
2015-05-22,nifty_pharma,0.0982535244121614,-0.014054232422513135,2015-05-22
2015-05-29,nifty_pharma,-0.009558678013061539,-0.06361223574839647,2015-05-29
2015-06-05,nifty_energy,0.008510663929551576,-0.015084065686805759,2015-06-05
2015-06-12,nifty_energy,0.0022560197929446524,0.060394552679287505,2015-06-12
2015-06-19,nifty_energy,0.09404911099303881,0.0034967688210865155,2015-06-19
2015-06-26,nifty_energy,0.07190414847710458,0.006564993147218479,2015-06-26
2015-07-03,nifty_energy,0.02623548832373057,-0.025146695590237078,2015-07-03
2015-07-10,nifty_bank,0.020400041648381606,0.020026839060995894,2015-07-10
2015-07-17,nifty_media,0.1159685985342469,0.010954491191996985,2015-07-17
2015-07-24,nifty_media,0.15072326552666993,0.037925060491340146,2015-07-24
2015-07-31,nifty_media,0.19375411674965326,0.016067592950462117,2015-07-31
2015-08-07,nifty_media,0.2404102350059354,0.003612209196533378,2015-08-07
2015-08-14,nifty_media,0.19695080749528393,-0.059347001094388174,2015-08-14
2015-08-21,nifty_media,0.11571480733422446,-0.00858786727484806,2015-08-21
2015-08-28,nifty_pharma,0.10455070963396773,-0.03239380988833718,2015-08-28
2015-09-04,nifty_pharma,0.1053188731737269,-0.014351274252427437,2015-09-04
2015-09-11,nifty_media,0.08474453948511518,0.013305489944573923,2015-09-11
2015-09-18,nifty_media,0.06995313957781457,0.00840953958658397,2015-09-18
2015-09-25,nifty_it,0.06745895196285678,-0.007215097984657803,2015-09-25
2015-10-02,nifty_it,0.0990530511309704,-0.005080937715950307,2015-10-02
2015-10-09,nifty_it,0.04777176729888333,-0.039783867760059155,2015-10-09
2015-10-16,nifty_pharma,0.07995223441877553,0.0041617743807798036,2015-10-16
2015-10-23,nifty_pharma,0.07328031084937159,-0.0066636202719010384,2015-10-23
2015-10-30,nifty_pharma,0.041855747276725586,-0.0716392730542863,2015-10-30
2015-11-06,nifty_fmcg,-0.004635015341572513,-0.01752016104143006,2015-11-06
2015-11-13,nifty_realty,0.00030031862917612173,-0.016211329323141066,2015-11-13
2015-11-20,nifty_energy,0.0515667352451441,0.0195782972360663,2015-11-20
2015-11-27,nifty_energy,0.12560288894491944,-0.013728885856359896,2015-11-27
2015-12-04,nifty_energy,0.08790642244499858,-0.020668941173574318,2015-12-04
2015-12-11,nifty_energy,0.025342703995836047,0.034362973798110374,2015-12-11
2015-12-18,nifty_energy,0.10501791416155104,0.02139464472639374,2015-12-18
2015-12-25,nifty_metal,0.11209711732755046,-0.0030230829488345767,2015-12-25
2016-01-01,nifty_media,0.08961778454554015,-0.03802161951712668,2016-01-01
2016-01-08,nifty_energy,0.05839139541602467,0.0024865026308908966,2016-01-08
2016-01-15,nifty_energy,0.039728627076093925,-0.04237558983409706,2016-01-15
2016-01-22,nifty_energy,0.017711261434761427,0.03324717464709681,2016-01-22
2016-01-29,nifty_media,0.05627113076949275,-0.0338680346876723,2016-01-29
2016-02-05,nifty_media,0.048724735632420746,-0.08703037763275534,2016-02-05
2016-02-12,nifty_pharma,-0.05171431107227453,0.02351768023163836,2016-02-12
2016-02-19,nifty_pharma,-0.01952871765211328,-0.015641497005730254,2016-02-19
2016-02-26,nifty_pharma,-0.04128791312631075,0.03344607928208343,2016-02-26
2016-03-04,nifty_metal,0.07542060682976115,0.015645500867580653,2016-03-04
2016-03-11,nifty_metal,0.04732894834153889,0.01147261074448891,2016-03-11
2016-03-18,nifty_metal,0.022904948327656438,0.037648410593069004,2016-03-18
2016-03-25,nifty_metal,0.06463417122976933,-0.024427782090895356,2016-03-25
2016-04-01,nifty_metal,0.0857893231568101,0.0024986849026829017,2016-04-01
2016-04-08,nifty_metal,0.1730580011320395,0.032401941492850694,2016-04-08
2016-04-15,nifty_metal,0.21297120358366906,0.048005057774777704,2016-04-15
2016-04-22,nifty_metal,0.2432994735324292,-0.007832344492440968,2016-04-22
2016-04-29,nifty_metal,0.2449718842708808,-0.03886010269944962,2016-04-29
2016-05-06,nifty_realty,0.3277864326922635,0.002331646105326435,2016-05-06
2016-05-13,nifty_realty,0.275120423919353,0.022681065568424197,2016-05-13
2016-05-20,nifty_realty,0.3516525584449124,0.04264998430301459,2016-05-20
2016-05-27,nifty_realty,0.24178810486142033,-0.007090280929818116,2016-05-27
2016-06-03,nifty_realty,0.219765514584642,0.023070567854086343,2016-06-03
2016-06-10,nifty_realty,0.24707058847328534,0.030604010460360653,2016-06-10
2016-06-17,nifty_realty,0.22690956019477793,-0.03646783074389681,2016-06-17
2016-06-24,nifty_realty,0.14626581934918415,0.08894294252324708,2016-06-24
2016-07-01,nifty_realty,0.2658704347594245,0.008689176032941948,2016-07-01
2016-07-08,nifty_realty,0.23457909528318455,0.007629845426171178,2016-07-08
2016-07-15,nifty_realty,0.21555822070914954,0.005862222599571476,2016-07-15
2016-07-22,nifty_metal,0.186895026097317,-0.0022444871161432234,2016-07-22
2016-07-29,nifty_metal,0.23211101612683938,0.03915057562550017,2016-07-29
2016-08-05,nifty_metal,0.3110532737029683,-0.0029394237813940016,2016-08-05
2016-08-12,nifty_psu_bank,0.36127268104566435,0.05909074004700421,2016-08-12
2016-08-19,nifty_metal,0.33573749675262476,-0.029603048220696926,2016-08-19
2016-08-26,nifty_psu_bank,0.2588715147020886,0.036486849530472654,2016-08-26
2016-09-02,nifty_psu_bank,0.2420068380885525,0.05078215428457611,2016-09-02
2016-09-09,nifty_psu_bank,0.24841478229472913,-0.04060280782328163,2016-09-09
2016-09-16,nifty_psu_bank,0.20444824405188045,0.006831634409073084,2016-09-16
2016-09-23,nifty_psu_bank,0.15806745670009126,-0.014593859463554737,2016-09-23
2016-09-30,nifty_metal,0.1340408301451077,0.057294659979940654,2016-09-30
2016-10-07,nifty_media,0.16728043752248412,-0.050273051658935586,2016-10-07
2016-10-14,nifty_psu_bank,0.10932167265282877,0.029809380623729398,2016-10-14
2016-10-21,nifty_psu_bank,0.11619342548862654,-0.005711066865215497,2016-10-21
2016-10-28,nifty_psu_bank,0.0900202941011421,-0.06801375203325655,2016-10-28
2016-11-04,nifty_metal,0.06557381194747025,0.05080845026404335,2016-11-04
2016-11-11,nifty_metal,0.06876943119543033,-0.06569651459962123,2016-11-11
2016-11-18,nifty_psu_bank,0.12047441355380428,-0.051424995651430216,2016-11-18
2016-11-25,nifty_metal,0.07254127989344594,-0.014451705097562884,2016-11-25
2016-12-02,nifty_metal,0.04234433436328988,0.05433098948998727,2016-12-02
2016-12-09,nifty_metal,0.16906039176059973,-0.04273621888905854,2016-12-09
2016-12-16,nifty_metal,0.07899293816999409,-0.04364151561941876,2016-12-16
2016-12-23,nifty_metal,0.040066631062725344,0.011208074892002484,2016-12-23
2016-12-30,nifty_it,0.021111029285416194,-0.027771214721013515,2016-12-30
2017-01-06,nifty_metal,0.0583885370365993,0.05520308300335941,2017-01-06
2017-01-13,nifty_metal,0.09830546128231576,-0.0065033874790254576,2017-01-13
2017-01-20,nifty_metal,0.09511452599976566,0.060192219429734184,2017-01-20
2017-01-27,nifty_metal,0.16259459850219637,0.006126107255278734,2017-01-27
2017-02-03,nifty_realty,0.13097705371873047,0.0296744187835698,2017-02-03
2017-02-10,nifty_realty,0.2079482400825159,-0.034685044355559635,2017-02-10
2017-02-17,nifty_media,0.16742442822017223,0.0012368833640614696,2017-02-17
2017-02-24,nifty_realty,0.19545177411327153,0.019023120556515005,2017-02-24
2017-03-03,nifty_realty,0.16828767508932674,0.00025228583515501946,2017-03-03
2017-03-10,nifty_media,0.18917549227567254,0.008556065152626857,2017-03-10
2017-03-17,nifty_realty,0.2632858044973254,0.024999985328087337,2017-03-17
2017-03-24,nifty_realty,0.28938608453857917,0.008208255276968224,2017-03-24
2017-03-31,nifty_realty,0.2092826832531205,0.04489420466285021,2017-03-31
2017-04-07,nifty_realty,0.25615213797563485,0.015137995565847717,2017-04-07
2017-04-14,nifty_realty,0.28559341501753877,0.10745614035087714,2017-04-14
2017-04-21,nifty_realty,0.3919515352579819,-0.005742562171256238,2017-04-21
2017-04-28,nifty_realty,0.3185399742620121,0.015534729532268976,2017-04-28
2017-05-05,nifty_realty,0.3004335270575569,0.0570700263813364,2017-05-05
2017-05-12,nifty_realty,0.42404227212681644,-0.01855287569573283,2017-05-12
2017-05-19,nifty_realty,0.35989717223650386,-0.03156902118531424,2017-05-19
2017-05-26,nifty_realty,0.2923814220006029,-0.008393495794316697,2017-05-26
2017-06-02,nifty_realty,0.28121059268600246,0.022244070458599996,2017-06-02
2017-06-09,nifty_realty,0.2483172783484826,0.04352019478595448,2017-06-09
2017-06-16,nifty_realty,0.27087249571025485,-0.027680382587579655,2017-06-16
2017-06-23,nifty_realty,0.22563394253253888,0.0,2017-06-23
2017-06-30,nifty_realty,0.17297419878791165,0.0607325840145585,2017-06-30
2017-07-07,nifty_realty,0.2256579482764529,-0.011272228579216503,2017-07-07
2017-07-14,nifty_fmcg,0.199513051409415,-0.0742469227772451,2017-07-14
2017-07-21,nifty_realty,0.11491730927714316,0.00464458141798918,2017-07-21
2017-07-28,nifty_metal,0.1226764998641574,0.029574575727481456,2017-07-28
2017-08-04,nifty_metal,0.1339090828225289,-0.025863083689809163,2017-08-04
2017-08-11,nifty_metal,0.09289214155345338,0.05224454379950694,2017-08-11
2017-08-18,nifty_metal,0.12906343168834966,0.008686318329117704,2017-08-18
2017-08-25,nifty_metal,0.1678553490959862,0.037623921540331784,2017-08-25
2017-09-01,nifty_metal,0.18173935273780462,0.03117853244089619,2017-09-01
2017-09-08,nifty_metal,0.2462939527874577,0.002833353260952798,2017-09-08
2017-09-15,nifty_metal,0.2665261279602811,-0.046815711984843356,2017-09-15
2017-09-22,nifty_metal,0.1672990237966403,0.016753536623505427,2017-09-22
2017-09-29,nifty_metal,0.14980165130859846,0.04540459931691787,2017-09-29
2017-10-06,nifty_metal,0.1819875295889446,0.019682082400141354,2017-10-06
2017-10-13,nifty_metal,0.18150887851329212,0.009340569700371892,2017-10-13
2017-10-20,nifty_metal,0.19105748675863543,0.03282812369178423,2017-10-20
2017-10-27,nifty_metal,0.1948213351993111,-0.0017489535393954148,2017-10-27
2017-11-03,nifty_realty,0.23440565488700882,-0.026537442445534132,2017-11-03
2017-11-10,nifty_psu_bank,0.21045147127637454,0.016843930901756288,2017-11-10
2017-11-17,nifty_psu_bank,0.2244323852694099,-0.015127136009158715,2017-11-17
2017-11-24,nifty_psu_bank,0.21569638366287958,-0.06004044986015211,2017-11-24
2017-12-01,nifty_psu_bank,0.16974623053285454,0.00010623264118780895,2017-12-01
2017-12-08,nifty_psu_bank,0.14911922448143056,-0.008534455058515023,2017-12-08
2017-12-15,nifty_psu_bank,0.1846453607358105,0.022664332210881488,2017-12-15
2017-12-22,nifty_psu_bank,0.2555800187505386,-0.031168197136966058,2017-12-22
2017-12-29,nifty_realty,0.24582502671452455,0.0011530524748402105,2017-12-29
2018-01-05,nifty_realty,0.229162989904087,0.056147424950744096,2018-01-05
2018-01-12,nifty_realty,0.27693642399641005,-0.05316248813783042,2018-01-12
2018-01-19,nifty_realty,0.1969670690976253,0.0070544552062918875,2018-01-19
2018-01-26,nifty_it,0.2102398130601817,-0.01023414690652158,2018-01-26
2018-02-02,nifty_it,0.1569206495258264,-0.037809192275772174,2018-02-02
2018-02-09,nifty_it,0.12042154218049328,-0.004382559346180703,2018-02-09
2018-02-16,nifty_it,0.10008046465661646,0.034828905769035856,2018-02-16
2018-02-23,nifty_it,0.1756085665273781,-0.00790140680716278,2018-02-23
2018-03-02,nifty_it,0.14284369564225585,-0.0017385396374113293,2018-03-02
2018-03-09,nifty_it,0.12924445847076682,-0.003832168457902685,2018-03-09
2018-03-16,nifty_it,0.10402628777547451,-0.012387448529826872,2018-03-16
2018-03-23,nifty_it,0.07503586219274361,-0.0023562371409130423,2018-03-23
2018-03-30,nifty_it,0.07547137500939116,0.007337204912304829,2018-03-30
2018-04-06,nifty_it,0.041667995067791175,0.05213697995402078,2018-04-06
2018-04-13,nifty_it,0.04959696413296921,0.04901035820731314,2018-04-13
2018-04-20,nifty_it,0.06041386535134685,-0.008299519565790892,2018-04-20
2018-04-27,nifty_it,0.06248658350987557,-0.024762816422339018,2018-04-27
2018-05-04,nifty_it,0.07689287298637293,0.0018805649955622172,2018-05-04
2018-05-11,nifty_it,0.08366727617663972,-0.001442970287244938,2018-05-11
2018-05-18,nifty_fmcg,0.08184503114575925,-0.008903792173907021,2018-05-18
2018-05-25,nifty_fmcg,0.07939843777128175,0.0005455209838092223,2018-05-25
2018-06-01,nifty_fmcg,0.09959049008629606,0.003568493956292107,2018-06-01
2018-06-08,nifty_fmcg,0.10215470007161875,0.0021262047904295756,2018-06-08
2018-06-15,nifty_it,0.12601768902653343,-0.024388371676167586,2018-06-15
2018-06-22,nifty_pharma,0.11998619407305577,-0.02005683130524849,2018-06-22
2018-06-29,nifty_it,0.10998269774202818,0.0018907177034561684,2018-06-29
2018-07-06,nifty_fmcg,0.08752765513749483,0.009708767589067024,2018-07-06
2018-07-13,nifty_bank,0.07986335872656491,-0.0023296004714888907,2018-07-13
2018-07-20,nifty_it,0.06571268906124583,-0.012481804122348561,2018-07-20
2018-07-27,nifty_psu_bank,0.11108319913665188,0.046966432143196846,2018-07-27
2018-08-03,nifty_psu_bank,0.13975047546360386,0.003658566735489366,2018-08-03
2018-08-10,nifty_psu_bank,0.22361912022442842,-0.008859236188370812,2018-08-10
2018-08-17,nifty_pharma,0.1683207821115429,0.03788484604143538,2018-08-17
2018-08-24,nifty_pharma,0.2249914004430511,0.03278474508195339,2018-08-24
2018-08-31,nifty_pharma,0.2076952980241067,0.026013001660756263,2018-08-31
2018-09-07,nifty_pharma,0.14437139406950217,-0.0007879367452221508,2018-09-07
2018-09-14,nifty_it,0.16660984210806107,-0.014870119769793133,2018-09-14
2018-09-21,nifty_energy,0.16814605939201743,0.0078265196916667,2018-09-21
2018-09-28,nifty_energy,0.18167997305811356,-0.1541166682727868,2018-09-28
2018-10-05,nifty_it,0.07270431661723697,-0.06750088470078319,2018-10-05
2018-10-12,nifty_metal,0.11186215378901565,-0.021261771204998392,2018-10-12
2018-10-19,nifty_pharma,0.06762914091022232,-0.05545943713091006,2018-10-19
2018-10-26,nifty_metal,-0.02867627741901657,0.04730658737356008,2018-10-26
2018-11-02,nifty_pharma,0.044822543635269385,0.010059938643743216,2018-11-02
2018-11-09,nifty_metal,0.01113691511738324,-0.022523910046067908,2018-11-09
2018-11-16,nifty_metal,-0.03636672851066991,-0.04168905192423944,2018-11-16
2018-11-23,nifty_bank,-0.0734915242723636,0.03321224202616069,2018-11-23
2018-11-30,nifty_bank,-0.02250609111174573,-0.01000070525809904,2018-11-30
2018-12-07,nifty_bank,-0.020967161735736983,0.00871236362466643,2018-12-07
2018-12-14,nifty_psu_bank,0.051338145480475994,0.018391438801256488,2018-12-14
2018-12-21,nifty_psu_bank,0.12368309209176753,0.014977986753191619,2018-12-21
2018-12-28,nifty_psu_bank,0.15960086684629138,0.014675865042920178,2018-12-28
2019-01-04,nifty_psu_bank,0.1556895029015004,0.011167611037459002,2019-01-04
2019-01-11,nifty_psu_bank,0.17649251007871447,-0.024066471148140867,2019-01-11
2019-01-18,nifty_psu_bank,0.1986512366115747,-0.043223804192241255,2019-01-18
2019-01-25,nifty_energy,0.06888463749109475,0.0003807733031533367,2019-01-25
2019-02-01,nifty_it,0.08046654903114425,0.018792569695975203,2019-02-01
2019-02-08,nifty_it,0.10686335540770342,-0.012746738274016955,2019-02-08
2019-02-15,nifty_it,0.14310077452627112,-0.008276601412247842,2019-02-15
2019-02-22,nifty_it,0.0715020378117468,0.01043052193142291,2019-02-22
2019-03-01,nifty_it,0.08084344723642856,-0.0277379665195997,2019-03-01
2019-03-08,nifty_energy,0.09099598265872078,0.04518144539177538,2019-03-08
2019-03-15,nifty_energy,0.13322623600787442,0.006612132971268503,2019-03-15
2019-03-22,nifty_realty,0.1447256247875499,-0.0011238744964514602,2019-03-22
2019-03-29,nifty_energy,0.16673373860220408,-0.01300313129405839,2019-03-29
2019-04-05,nifty_realty,0.16627934552463208,-0.0010869122933649944,2019-04-05
2019-04-12,nifty_realty,0.15694506368575367,-0.01922385954254846,2019-04-12
2019-04-19,nifty_media,0.20110018519377526,-0.002037770453867105,2019-04-19
2019-04-26,nifty_realty,0.1426102025515279,-0.006618759608160718,2019-04-26
2019-05-03,nifty_realty,0.15883521274852486,-0.0435941260777446,2019-05-03
2019-05-10,nifty_realty,0.12873508651366472,0.005374228184380936,2019-05-10
2019-05-17,nifty_bank,0.09612337315008679,0.05984351072061189,2019-05-17
2019-05-24,nifty_realty,0.21597568344601292,0.013745112529889747,2019-05-24
2019-05-31,nifty_realty,0.2006343010868128,-0.01620005601606278,2019-05-31
2019-06-07,nifty_realty,0.11029411497145536,-0.030964717048472368,2019-06-07
2019-06-14,nifty_it,0.0461125324864613,-0.004843793642901328,2019-06-14
2019-06-21,nifty_it,0.039998740303852864,-0.01562443260461821,2019-06-21
2019-06-28,nifty_bank,0.03392257562823553,0.011914457126402267,2019-06-28
2019-07-05,nifty_bank,0.051346840775030156,-0.027778532739375028,2019-07-05
2019-07-12,nifty_realty,0.03753696052363842,-0.010693281520346543,2019-07-12
2019-07-19,nifty_realty,0.0497352276854921,-0.011349284939742188,2019-07-19
2019-07-26,nifty_realty,0.04473634217798961,-0.043002871922148134,2019-07-26
2019-08-02,nifty_realty,0.04538220260258341,0.011614576245540853,2019-08-02
2019-08-09,nifty_realty,0.05187087977204197,-0.0020703474707515213,2019-08-09
2019-08-16,nifty_it,-0.013134359363167203,0.029368026857304663,2019-08-16
2019-08-23,nifty_it,-0.021289414283077845,0.012252999129795716,2019-08-23
2019-08-30,nifty_it,-0.006173193491025852,0.001508357909439928,2019-08-30
2019-09-06,nifty_pharma,-0.0018308546424639083,-0.004424501355538291,2019-09-06
2019-09-13,nifty_pharma,0.015357294461827431,-0.006162043209431589,2019-09-13
2019-09-20,nifty_fmcg,0.009791455049843467,0.039907371832869964,2019-09-20
2019-09-27,nifty_fmcg,0.03512298466132302,-0.02252464414926192,2019-09-27
2019-10-04,nifty_fmcg,0.0367547651656297,0.0029362741628546907,2019-10-04
2019-10-11,nifty_fmcg,0.04783898055901359,0.035680000390416966,2019-10-11
2019-10-18,nifty_auto,0.1121622565105076,0.00271196178866262,2019-10-18
2019-10-25,nifty_auto,0.15180819868848028,0.05090564375434292,2019-10-25
2019-11-01,nifty_auto,0.17590446177311336,-0.0265999211107788,2019-11-01
2019-11-08,nifty_auto,0.16735129555050765,-0.0019278671899369826,2019-11-08
2019-11-15,nifty_auto,0.16678469000549945,-0.014588075455409855,2019-11-15
2019-11-22,nifty_auto,0.14632708247678194,0.006353468714377586,2019-11-22
2019-11-29,nifty_bank,0.17242426577449166,-0.018924026266655347,2019-11-29
2019-12-06,nifty_bank,0.11540729681035633,0.021463495008435807,2019-12-06
2019-12-13,nifty_bank,0.10464240653098678,0.011579194226008838,2019-12-13
2019-12-20,nifty_realty,0.11559036526169209,0.01421474130147149,2019-12-20
2019-12-27,nifty_metal,0.20161507762879216,0.03188001408760388,2019-12-27
2020-01-03,nifty_metal,0.21875400224094155,-0.0026682456143659605,2020-01-03
2020-01-10,nifty_realty,0.1820776572532088,0.043457267874592365,2020-01-10
2020-01-17,nifty_realty,0.22366931432679937,0.013882462084626956,2020-01-17
2020-01-24,nifty_realty,0.21205975030171498,0.007302583115946559,2020-01-24
2020-01-31,nifty_realty,0.177904295220364,-0.032472437385265285,2020-01-31
2020-02-07,nifty_realty,0.15652635376499524,-0.0312207317549561,2020-02-07
2020-02-14,nifty_realty,0.12488664465182353,-0.013051846446319848,2020-02-14
2020-02-21,nifty_it,0.11010435406217844,-0.08627639203879922,2020-02-21
2020-02-28,nifty_it,-0.005013173400270188,0.029616201913704066,2020-02-28
2020-03-06,nifty_it,0.030456148051285492,-0.1356274389903278,2020-03-06
2020-03-13,nifty_pharma,-0.0970811889447516,-0.04349203324934647,2020-03-13
2020-03-20,nifty_pharma,-0.13834196978993263,-0.019972971361316372,2020-03-20
2020-03-27,nifty_fmcg,-0.14509829309099365,0.030974625752421936,2020-03-27
2020-04-03,nifty_pharma,-0.08648010204675183,0.1954534447088947,2020-04-03
2020-04-10,nifty_pharma,0.054539729102283996,0.040600173486330604,2020-04-10
2020-04-17,nifty_pharma,0.10413491788105333,0.039387425438836,2020-04-17
2020-04-24,nifty_pharma,0.16954391186435358,-0.020103124144278617,2020-04-24
2020-05-01,nifty_pharma,0.11810929783398705,0.0017422350656217667,2020-05-01
2020-05-08,nifty_pharma,0.12142172549987618,-0.026794417402919657,2020-05-08
2020-05-15,nifty_pharma,0.0871138133451892,0.055828702367205496,2020-05-15
2020-05-22,nifty_pharma,0.2671198588609891,0.017493525117215247,2020-05-22
2020-05-29,nifty_pharma,0.21828814677947994,0.03201074952569449,2020-05-29
2020-06-05,nifty_pharma,0.38708032535601267,-0.009770565493370298,2020-06-05
2020-06-12,nifty_pharma,0.4359815223061423,0.001938392666996469,2020-06-12
2020-06-19,nifty_pharma,0.46808707955478934,0.01356700443908454,2020-06-19
2020-06-26,nifty_auto,0.4900005966050578,0.03559405513270342,2020-06-26
2020-07-03,nifty_auto,0.2518832996936389,0.010048743723168663,2020-07-03
2020-07-10,nifty_auto,0.24205758065073213,0.01366259614222387,2020-07-10
2020-07-17,nifty_auto,0.32731411124413046,0.011397881535370358,2020-07-17
2020-07-24,nifty_it,0.22522749010486742,0.045461622664294765,2020-07-24
2020-07-31,nifty_it,0.34828330717480127,-0.003746114549054269,2020-07-31
2020-08-07,nifty_it,0.3643280849299737,0.00102754085022716,2020-08-07
2020-08-14,nifty_metal,0.40653051390357664,0.048965020549195604,2020-08-14
2020-08-21,nifty_metal,0.3424476050912839,-0.001287842714469023,2020-08-21
2020-08-28,nifty_it,0.2389035517487088,-0.002651516457896519,2020-08-28
2020-09-04,nifty_media,0.2780085725581436,-0.009450044866681884,2020-09-04
2020-09-11,nifty_it,0.2850694665436855,0.06407092747507814,2020-09-11
2020-09-18,nifty_it,0.3222782187553608,-0.009973723030397008,2020-09-18
2020-09-25,nifty_it,0.2841474239498434,0.024506710146944943,2020-09-25
2020-10-02,nifty_it,0.29201039101837556,0.08588839438548446,2020-10-02
2020-10-09,nifty_it,0.29821036348083974,-0.013714845445486956,2020-10-09
2020-10-16,nifty_it,0.24598810543937288,-0.0006755817461621128,2020-10-16
2020-10-23,nifty_it,0.19100147879768548,-0.028189987316792453,2020-10-23
2020-10-30,nifty_it,0.16177932063190714,0.027511369189033186,2020-10-30
2020-11-06,nifty_bank,0.23614808232145057,0.06219460272098476,2020-11-06
2020-11-13,nifty_bank,0.2765116736348352,0.02706066607851354,2020-11-13
2020-11-20,nifty_bank,0.1921479978076146,0.012759980204200216,2020-11-20
2020-11-27,nifty_bank,0.2867066806270777,0.014973448917712462,2020-11-27
2020-12-04,nifty_bank,0.33685357107297187,0.018382864981472125,2020-12-04
2020-12-11,nifty_bank,0.389168855959513,0.0035876922334676653,2020-12-11
2020-12-18,nifty_metal,0.4804962797670884,-0.022477164283121742,2020-12-18
2020-12-25,nifty_metal,0.3905141177791598,0.035095204593070584,2020-12-25
2021-01-01,nifty_realty,0.45671854513375654,0.0434920937741905,2021-01-01
2021-01-08,nifty_realty,0.5225476090521011,0.011450381679389388,2021-01-08
2021-01-15,nifty_psu_bank,0.46804077822701906,-0.010968873929907863,2021-01-15
2021-01-22,nifty_psu_bank,0.5200714389751091,-0.05323451757556341,2021-01-22
2021-01-29,nifty_realty,0.34677240804806164,0.11663665829667269,2021-01-29
2021-02-05,nifty_psu_bank,0.6132790022463703,-0.022805571801588376,2021-02-05
2021-02-12,nifty_psu_bank,0.5150587034201124,0.10732250779144215,2021-02-12
2021-02-19,nifty_psu_bank,0.5816862575259001,-0.029433164656510358,2021-02-19
2021-02-26,nifty_psu_bank,0.40896384843682854,-0.021464290576265088,2021-02-26
2021-03-05,nifty_psu_bank,0.2803194304003922,-0.012430626935604483,2021-03-05
2021-03-12,nifty_psu_bank,0.30945022140735223,-0.05380851576559875,2021-03-12
2021-03-19,nifty_psu_bank,0.28389478654174494,-0.03334854910714291,2021-03-19
2021-03-26,nifty_psu_bank,0.20645296270722935,0.04733860689232672,2021-03-26
2021-04-02,nifty_psu_bank,0.2102243019955372,-0.010565960027806631,2021-04-02
2021-04-09,nifty_metal,0.295188649716819,-0.007454123551895675,2021-04-09
2021-04-16,nifty_metal,0.3187990210992868,0.0028980824664524008,2021-04-16
2021-04-23,nifty_metal,0.44497885204044185,0.09019869994440621,2021-04-23
2021-04-30,nifty_metal,0.4079985864142899,0.10064045270421751,2021-04-30
2021-05-07,nifty_metal,0.5305414407045537,-0.04582212684486686,2021-05-07
2021-05-14,nifty_metal,0.43333519824388667,0.0015319717831014934,2021-05-14
2021-05-21,nifty_metal,0.333930658734233,-0.00851120347017098,2021-05-21
2021-05-28,nifty_metal,0.3065979551345057,0.05605496758023043,2021-05-28
2021-06-04,nifty_metal,0.39033122499635864,0.01267053811582497,2021-06-04
2021-06-11,nifty_metal,0.41077620474559695,-0.06624064424084042,2021-06-11
2021-06-18,nifty_metal,0.3095348840301966,0.034722212147720866,2021-06-18
2021-06-25,nifty_metal,0.2470191607108161,-0.017974978151448995,2021-06-25
2021-07-02,nifty_media,0.15938214598824207,0.010996607309517348,2021-07-02
2021-07-09,nifty_media,0.237757678345891,-0.013178403463815047,2021-07-09
2021-07-16,nifty_realty,0.3172631009703135,0.008803924305042843,2021-07-16
2021-07-23,nifty_realty,0.29538107198511043,-0.0059842761988148085,2021-07-23
2021-07-30,nifty_realty,0.295790677085529,0.012040683266116625,2021-07-30
2021-08-06,nifty_realty,0.3428190907478672,-0.022059794633233154,2021-08-06
2021-08-13,nifty_it,0.25180709676869095,0.020580644490353794,2021-08-13
2021-08-20,nifty_it,0.22964261071282133,0.02873794235756466,2021-08-20
2021-08-27,nifty_it,0.270886339327882,0.01694554979222529,2021-08-27
2021-09-03,nifty_it,0.23650923075219277,-0.0025478756675186842,2021-09-03
2021-09-10,nifty_it,0.22346870022665932,0.024256994503214502,2021-09-10
2021-09-17,nifty_it,0.22032960853587125,0.040866564739876265,2021-09-17
2021-09-24,nifty_realty,0.45473006069065924,0.009475364284193155,2021-09-24
2021-10-01,nifty_realty,0.38208383511822785,0.029344999465090504,2021-10-01
2021-10-08,nifty_realty,0.3102755386961058,0.03522744236109143,2021-10-08
2021-10-15,nifty_realty,0.34459547790429856,-0.05312933499579853,2021-10-15
2021-10-22,nifty_energy,0.28236543489282595,-0.04301395731657087,2021-10-22
2021-10-29,nifty_media,0.3089722481320223,0.03953697632596831,2021-10-29
2021-11-05,nifty_realty,0.389050829423788,-0.006203746838127189,2021-11-05
2021-11-12,nifty_realty,0.4586235493218911,-0.032589735067203085,2021-11-12
2021-11-19,nifty_media,0.4266215254066674,-0.01906965694765206,2021-11-19
2021-11-26,nifty_media,0.35990236459445035,0.01625633507669977,2021-11-26
2021-12-03,nifty_media,0.33189336588063467,0.09130029141955265,2021-12-03
2021-12-10,nifty_media,0.28303504478761354,-0.07947677764194938,2021-12-10
2021-12-17,nifty_psu_bank,0.09405751222204617,-0.03208172480160465,2021-12-17
2021-12-24,nifty_it,0.08473686728660934,0.02579662688644402,2021-12-24
2021-12-31,nifty_it,0.06315726556919943,-0.014500878074914958,2021-12-31
2022-01-07,nifty_it,0.06700265619546175,0.018012655316033577,2022-01-07
2022-01-14,nifty_it,0.09696954981939143,-0.07140032962851695,2022-01-14
2022-01-21,nifty_energy,0.07831563948304776,-0.015120206070890818,2022-01-21
2022-01-28,nifty_energy,0.04634272665402017,0.0008976127821453961,2022-01-28
2022-02-04,nifty_psu_bank,0.027575566218449588,-0.00957462353937244,2022-02-04
2022-02-11,nifty_metal,0.11060305557713623,-0.040738389438637834,2022-02-11
2022-02-18,nifty_metal,0.08540031037215301,-0.027637358045516147,2022-02-18
2022-02-25,nifty_metal,0.04196652641996956,0.06966908598501553,2022-02-25
2022-03-04,nifty_metal,0.06207036810361721,0.029932681425066443,2022-03-04
2022-03-11,nifty_metal,0.13023116152420644,-0.0010096849293954602,2022-03-11
2022-03-18,nifty_metal,0.12582146936852445,0.05116601452478453,2022-03-18
2022-03-25,nifty_metal,0.1771992928532622,-0.003538352559754432,2022-03-25
2022-04-01,nifty_metal,0.13937924202837304,0.04297375424283456,2022-04-01
2022-04-08,nifty_metal,0.15058587680100177,-0.019028770182154875,2022-04-08
2022-04-15,nifty_metal,0.15865762626435953,-0.02811982762279308,2022-04-15
2022-04-22,nifty_metal,0.17830062521941636,-0.01759917079408435,2022-04-22
2022-04-29,nifty_energy,0.157697732043383,-0.008923167401002963,2022-04-29
2022-05-06,nifty_energy,0.15435222841165785,-0.10555593384999473,2022-05-06
2022-05-13,nifty_energy,0.03288215892636259,0.042838274658254294,2022-05-13
2022-05-20,nifty_energy,0.12050988265237739,-0.03486675584485599,2022-05-20
2022-05-27,nifty_auto,0.13879439559431117,0.0010559118586543903,2022-05-27
2022-06-03,nifty_auto,0.13050995218516337,0.009913855559658513,2022-06-03
2022-06-10,nifty_auto,0.0773449319213313,-0.04942071347858523,2022-06-10
2022-06-17,nifty_auto,0.046044337972110716,0.06946325626133709,2022-06-17
2022-06-24,nifty_auto,0.08489399249654306,0.01111088816286454,2022-06-24
2022-07-01,nifty_auto,0.07505304657332723,0.0352331940608539,2022-07-01
2022-07-08,nifty_auto,0.13332023131961224,0.01955122551566224,2022-07-08
2022-07-15,nifty_auto,0.12091782871709889,0.02204801107255072,2022-07-15
2022-07-22,nifty_auto,0.1404663832974229,-0.007202672000857002,2022-07-22
2022-07-29,nifty_auto,0.19249508838310803,0.02081999888354602,2022-07-29
2022-08-05,nifty_auto,0.2297272075695871,0.009324986763683762,2022-08-05
2022-08-12,nifty_auto,0.18407916575329586,0.0017564712496374035,2022-08-12
2022-08-19,nifty_realty,0.16127365427003348,0.007437846689415162,2022-08-19
2022-08-26,nifty_psu_bank,0.15199212306873244,0.009747080077304515,2022-08-26
2022-09-02,nifty_psu_bank,0.17133887352063293,0.0433885654177415,2022-09-02
2022-09-09,nifty_psu_bank,0.3236213842944855,0.005550916162083919,2022-09-09
2022-09-16,nifty_metal,0.33525861983801075,-0.017971016014676988,2022-09-16
2022-09-23,nifty_metal,0.2833706159174385,-0.042995661135483254,2022-09-23
2022-09-30,nifty_metal,0.201821093653193,0.028318990992674875,2022-09-30
2022-10-07,nifty_metal,0.2278861375920651,-0.027707701155121445,2022-10-07
2022-10-14,nifty_metal,0.1321332688311203,-0.0032685006619973533,2022-10-14
2022-10-21,nifty_psu_bank,0.17513779728600154,0.050783742369159945,2022-10-21
2022-10-28,nifty_psu_bank,0.2154167035543888,0.02723258866027134,2022-10-28
2022-11-04,nifty_psu_bank,0.22675021844294307,0.06461338037538034,2022-11-04
2022-11-11,nifty_psu_bank,0.3200885175832846,0.02351891885329982,2022-11-11
2022-11-18,nifty_psu_bank,0.29375682715738183,0.05184128046453851,2022-11-18
2022-11-25,nifty_psu_bank,0.3476907876601898,0.013287899668865233,2022-11-25
2022-12-02,nifty_psu_bank,0.30881132196855887,0.047738042459496866,2022-12-02
2022-12-09,nifty_psu_bank,0.3637215086651333,0.008281963907322165,2022-12-09
2022-12-16,nifty_psu_bank,0.41927821134629917,-0.1027790927897213,2022-12-16
2022-12-23,nifty_psu_bank,0.29836397250626034,0.11056670684403636,2022-12-23
2022-12-30,nifty_psu_bank,0.430457040307221,-0.010420164646742225,2022-12-30
2023-01-06,nifty_psu_bank,0.44927505033912674,0.0014976754495712452,2023-01-06
2023-01-13,nifty_psu_bank,0.30777347730272453,-0.011752541658975435,2023-01-13
2023-01-20,nifty_psu_bank,0.2299427207698228,-0.09660370549562747,2023-01-20
2023-01-27,nifty_psu_bank,0.08166904814149945,0.017678399383656895,2023-01-27
2023-02-03,nifty_fmcg,0.03406743452454486,-0.0119272602497148,2023-02-03
2023-02-10,nifty_it,0.04047790957809849,0.005981509523684814,2023-02-10
2023-02-17,nifty_fmcg,0.034344894974130735,-0.0053664021557062735,2023-02-17
2023-02-24,nifty_fmcg,0.0048345621232799285,0.0008264918177309788,2023-02-24
2023-03-03,nifty_it,0.02223640885519096,-0.009107231404011262,2023-03-03
2023-03-10,nifty_it,0.029381051076361686,-0.023389375074038377,2023-03-10
2023-03-17,nifty_it,0.02186483433708908,-0.0318425356574803,2023-03-17
2023-03-24,nifty_fmcg,0.02011595265642363,0.018750520139813487,2023-03-24
2023-03-31,nifty_fmcg,0.03359493530606383,0.00444941622685624,2023-03-31
2023-04-07,nifty_fmcg,0.048993684500891144,0.0022295094299853435,2023-04-07
2023-04-14,nifty_fmcg,0.05267354540696467,0.009905446702392462,2023-04-14
2023-04-21,nifty_fmcg,0.0490720442632806,0.024521313891181507,2023-04-21
2023-04-28,nifty_realty,0.09657554273585012,-0.0001123754434080304,2023-04-28
2023-05-05,nifty_realty,0.0729267138144134,0.01763848178593208,2023-05-05
2023-05-12,nifty_realty,0.12201164559568922,0.012806399621795084,2023-05-12
2023-05-19,nifty_realty,0.20567748058690638,0.030193972568909322,2023-05-19
2023-05-26,nifty_realty,0.1469659897887592,0.0387261004830759,2023-05-26
2023-06-02,nifty_realty,0.23282685828982452,0.015483357459534997,2023-06-02
2023-06-09,nifty_realty,0.24924815089481522,0.037415915181400194,2023-06-09
2023-06-16,nifty_realty,0.35739587614165513,-0.019725357128271614,2023-06-16
2023-06-23,nifty_realty,0.30863556450034024,0.025843373961828897,2023-06-23
2023-06-30,nifty_realty,0.28712871287128716,0.02192312387319717,2023-06-30
2023-07-07,nifty_realty,0.24976483809535277,0.01580723182722532,2023-07-07
2023-07-14,nifty_realty,0.2746162639739522,-0.00685441328400016,2023-07-14
2023-07-21,nifty_realty,0.20444836718617854,0.05008401015453812,2023-07-21
2023-07-28,nifty_realty,0.2649141167236879,-0.04227726667890375,2023-07-28
2023-08-04,nifty_pharma,0.22057867664040365,0.00751263040482919,2023-08-04
2023-08-11,nifty_media,0.3201524305875505,0.023385277436551277,2023-08-11
2023-08-18,nifty_media,0.3015116693421773,0.006351201846731325,2023-08-18
2023-08-25,nifty_media,0.26973947753222194,0.01335039772988078,2023-08-25
2023-09-01,nifty_media,0.30201309762191664,0.05160924827317381,2023-09-01
2023-09-08,nifty_media,0.33683986431825597,-0.03634142154022735,2023-09-08
2023-09-15,nifty_media,0.3366172446152782,-0.014955861945373239,2023-09-15
2023-09-22,nifty_media,0.3143995783051141,-0.010405574550365504,2023-09-22
2023-09-29,nifty_media,0.1965919615649987,0.00817831285929671,2023-09-29
2023-10-06,nifty_psu_bank,0.18858625427550568,-0.032443789524744915,2023-10-06
2023-10-13,nifty_media,0.16919087221810392,-0.0067892317766188315,2023-10-13
2023-10-20,nifty_media,0.1225548916440522,-0.05364354516627856,2023-10-20
2023-10-27,nifty_psu_bank,0.11347326287023973,0.02739537212697951,2023-10-27
2023-11-03,nifty_realty,0.21199279000344973,0.028504816444174796,2023-11-03
2023-11-10,nifty_realty,0.248773972731261,0.04621664061233899,2023-11-10
2023-11-17,nifty_realty,0.2997466860699556,0.014797170231515056,2023-11-17
2023-11-24,nifty_realty,0.247139149754809,0.02859374811422244,2023-11-24
2023-12-01,nifty_realty,0.22260730122448047,0.021644457061444022,2023-12-01
2023-12-08,nifty_realty,0.2585399043257437,0.03837819834500289,2023-12-08
2023-12-15,nifty_realty,0.36607299695987305,-0.0052147839953810005,2023-12-15
2023-12-22,nifty_realty,0.32554495862248123,0.026210602607894096,2023-12-22
2023-12-29,nifty_realty,0.33285104305186164,0.0782836201373851,2023-12-29
2024-01-05,nifty_realty,0.3778557317321565,0.043465403290339655,2024-01-05
2024-01-12,nifty_realty,0.47000921612057334,-0.014244353858294145,2024-01-12
2024-01-19,nifty_realty,0.48970840480274447,-0.051755915034002564,2024-01-19
2024-01-26,nifty_energy,0.2997161075950052,0.08163446693177434,2024-01-26
2024-02-02,nifty_energy,0.37276296844581447,0.025210273688944573,2024-02-02
2024-02-09,nifty_energy,0.37880586589047516,0.016516107547621894,2024-02-09
2024-02-16,nifty_psu_bank,0.4335368721394217,-0.008262115670988113,2024-02-16
2024-02-23,nifty_psu_bank,0.37812467964134666,0.0006642399986198644,2024-02-23
2024-03-01,nifty_psu_bank,0.29223731352779936,0.03678988807682804,2024-03-01
2024-03-08,nifty_psu_bank,0.27394750209819607,-0.07903967308019755,2024-03-08
2024-03-15,nifty_psu_bank,0.2105748061414352,0.018858157077355386,2024-03-15
2024-03-22,nifty_psu_bank,0.20566378711965472,0.017238876388183222,2024-03-22
2024-03-29,nifty_psu_bank,0.2001900788030857,0.04268437656088331,2024-03-29
2024-04-05,nifty_psu_bank,0.24664727360463523,-0.014733745427594869,2024-04-05
2024-04-12,nifty_psu_bank,0.21086274025065777,-0.03687473962109855,2024-04-12
2024-04-19,nifty_psu_bank,0.16924123844925898,0.06444305407817397,2024-04-19
2024-04-26,nifty_metal,0.14166439397456143,0.005817136266710987,2024-04-26
2024-05-03,nifty_auto,0.15147883170080712,0.013555123652530643,2024-05-03
2024-05-10,nifty_metal,0.12549442113839748,0.064662012862305,2024-05-10
2024-05-17,nifty_metal,0.1876549588782579,0.03875833078667634,2024-05-17
2024-05-24,nifty_metal,0.2095267577054274,-0.020627772167950198,2024-05-24
2024-05-31,nifty_metal,0.16154000408995994,0.011312683000022306,2024-05-31
2024-06-07,nifty_realty,0.28832134981249413,0.055726952394518525,2024-06-07
2024-06-14,nifty_realty,0.29113776510684675,0.0024798945077222356,2024-06-14
2024-06-21,nifty_realty,0.2567590004235494,-0.023986238915505775,2024-06-21
2024-06-28,nifty_realty,0.17808584377499326,0.013034645317096638,2024-06-28
2024-07-05,nifty_realty,0.17508399383188644,-0.023187305254962376,2024-07-05
2024-07-12,nifty_realty,0.18024286226383257,0.002744237224657775,2024-07-12
2024-07-19,nifty_it,0.1858552936917537,0.026401894648576674,2024-07-19
2024-07-26,nifty_it,0.2451943427245371,-0.03043268375575614,2024-07-26
2024-08-02,nifty_it,0.20631916557610008,-0.017291588195683105,2024-08-02
2024-08-09,nifty_pharma,0.17005685707756246,-0.004639930913730939,2024-08-09
2024-08-16,nifty_it,0.2085467860627661,0.005176385058068833,2024-08-16
2024-08-23,nifty_it,0.26874961968577016,0.04132283652004243,2024-08-23
2024-08-30,nifty_it,0.2166029099369644,-0.01306218907130452,2024-08-30
2024-09-06,nifty_it,0.22053951636567137,0.027598473275946445,2024-09-06
2024-09-13,nifty_it,0.23278354444103755,-0.027421843676731394,2024-09-13
2024-09-20,nifty_it,0.16723773594689906,0.002563787875338175,2024-09-20
2024-09-27,nifty_pharma,0.14986176482861424,-0.018044925089556907,2024-09-27
2024-10-04,nifty_pharma,0.12041386144374133,0.02111093877568959,2024-10-04
2024-10-11,nifty_pharma,0.15455509067151274,-0.009585632467215777,2024-10-11
2024-10-18,nifty_pharma,0.08115037383867896,-0.03346642277620682,2024-10-18
2024-10-25,nifty_it,0.05810554503376619,-0.038183800587737626,2024-10-25
2024-11-01,nifty_metal,0.03894537773768514,-0.008668457424742315,2024-11-01
2024-11-08,nifty_metal,0.0350008110786173,-0.051585061088000206,2024-11-08
2024-11-15,nifty_it,0.03166231929607011,0.022204083317652668,2024-11-15
2024-11-22,nifty_it,0.012720933801498857,-0.004289004128542828,2024-11-22
2024-11-29,nifty_bank,0.029237683926858216,0.027929721180042222,2024-11-29
2024-12-06,nifty_psu_bank,0.06551460219324845,-0.01879042595471858,2024-12-06
2024-12-13,nifty_it,0.0898342941521757,-0.04836854587184203,2024-12-13
2024-12-20,nifty_it,0.03446843646793307,-0.0011343649024589952,2024-12-20
2024-12-27,nifty_it,0.043158924843423874,0.0001178448982450675,2024-12-27
2025-01-03,nifty_it,0.03285292526558781,0.020192519258313224,2025-01-03
2025-01-10,nifty_it,0.05944450381770028,-0.05777470676089169,2025-01-10
2025-01-17,nifty_psu_bank,0.0016072976675651773,-0.02241020093541468,2025-01-17
2025-01-24,nifty_it,0.07643270504706101,-0.019790220396924463,2025-01-24
2025-01-31,nifty_it,0.014568356718419828,0.0060684891972504484,2025-01-31
2025-02-07,nifty_auto,0.023803670983438385,-0.05927755531493417,2025-02-07
2025-02-14,nifty_bank,-0.03981486956121849,-0.0024083773215697324,2025-02-14
2025-02-21,nifty_metal,-0.046966991884824005,-0.045350033851942806,2025-02-21
2025-02-28,nifty_bank,-0.0965211930825367,0.0031606522270126725,2025-02-28
2025-03-07,nifty_metal,-0.05428362533924869,-0.01671912908950368,2025-03-07
2025-03-14,nifty_metal,-0.004039328213201743,0.04852089056968856,2025-03-14
2025-03-21,nifty_metal,0.05536821568921013,-0.012065975307803622,2025-03-21
2025-03-28,nifty_metal,0.04152942417497063,-0.07457242834066535,2025-03-28
2025-04-04,nifty_bank,0.056809257369102806,-0.009714979289237813,2025-04-04
2025-04-11,nifty_bank,0.05071527588775959,0.06446462869895253,2025-04-11
2025-04-18,nifty_bank,0.12244506348934192,0.006886170393179958,2025-04-18
2025-04-25,nifty_bank,0.10238230112783486,0.0082558971536153,2025-04-25
2025-05-02,nifty_bank,0.09881605829479567,-0.027580365894540826,2025-05-02
2025-05-09,nifty_bank,0.0915651978338925,0.03283217146109041,2025-05-09
2025-05-16,nifty_bank,0.13012542200702493,0.0007831567525853345,2025-05-16
2025-05-23,nifty_media,0.2136496766371141,0.016724608030031174,2025-05-23
2025-05-30,nifty_psu_bank,0.17611358445811143,0.01781820594717609,2025-05-30
2025-06-06,nifty_realty,0.29925631927240204,-0.031310108269888115,2025-06-06
2025-06-13,nifty_realty,0.16725585371540852,0.006553832184197805,2025-06-13
2025-06-20,nifty_realty,0.19070837419132713,-0.01943472769945298,2025-06-20
2025-06-27,nifty_realty,0.20764233879929406,-0.022133909884612613,2025-06-27
2025-07-04,nifty_realty,0.23008287309461628,-0.00931116588230585,2025-07-04
2025-07-11,nifty_realty,0.13939184975889973,0.03842558839118837,2025-07-11
2025-07-18,nifty_realty,0.16355391030562672,-0.04930497812220214,2025-07-18
2025-07-25,nifty_metal,0.10644007996476379,-0.034243669921426134,2025-07-25
2025-08-01,nifty_realty,0.08789077318854321,-0.024549460916864274,2025-08-01
2025-08-08,nifty_psu_bank,0.0381151221406586,0.02092643051771126,2025-08-08
2025-08-15,nifty_psu_bank,0.04812236789481861,-0.003864617251165492,2025-08-15
2025-08-22,nifty_auto,0.08590774269183687,-0.014552215730855522,2025-08-22
2025-08-29,nifty_auto,0.05492296641420524,0.05447530918536092,2025-08-29
2025-09-05,nifty_auto,0.12831259242898452,0.020746137601497017,2025-09-05
2025-09-12,nifty_auto,0.13460254752892786,0.013135258228846425,2025-09-12
2025-09-19,nifty_auto,0.13377242400995115,-0.027002649893337005,2025-09-19
2025-09-26,nifty_auto,0.10442487822697011,0.010139829455409144,2025-09-26
2025-10-03,nifty_auto,0.13873016369178504,-0.0011923998000523683,2025-10-03
2025-10-10,nifty_auto,0.11830619605004355,0.018988683347301416,2025-10-10
2025-10-17,nifty_auto,0.14494634348415758,-0.0044034725378868655,2025-10-17
2025-10-24,nifty_auto,0.15794959723540147,-0.01102412207105452,2025-10-24
2025-10-31,nifty_psu_bank,0.18936967813351502,0.020502580041975804,2025-10-31
2025-11-07,nifty_psu_bank,0.18887589632041557,0.005717090541568437,2025-11-07
2025-11-14,nifty_psu_bank,0.20031155219374908,-0.002523862703915025,2025-11-14
2025-11-21,nifty_psu_bank,0.24017738730984028,0.01619585283507563,2025-11-21
2025-11-28,nifty_psu_bank,0.24194468078499343,-0.015579534029320219,2025-11-28
2025-12-05,nifty_psu_bank,0.18771302909504683,-0.01598117282339606,2025-12-05
2025-12-12,nifty_psu_bank,0.11490653302524412,0.013276267925146135,2025-12-12
2025-12-19,nifty_psu_bank,0.150913327214226,-0.008357915954603223,2025-12-19
2025-12-26,nifty_it,0.13615861033586407,-0.006533185599405522,2025-12-26
2026-01-02,nifty_psu_bank,0.13047384435934828,-0.01136226640525917,2026-01-02
2026-01-09,nifty_psu_bank,0.12597608308787422,0.0480406699990632,2026-01-09
2026-01-16,nifty_psu_bank,0.1531007895985237,-0.025870171707296774,2026-01-16
2026-01-23,nifty_metal,0.0815715366064953,0.0304718679495668,2026-01-23
2026-01-30,nifty_metal,0.13434131528738802,0.0097738405541683,2026-01-30
2026-02-06,nifty_metal,0.13801190029538568,-0.005890454665355538,2026-02-06
2026-02-13,nifty_metal,0.17059319730432532,0.009867124229513857,2026-02-13
2026-02-20,nifty_metal,0.16485885357828778,0.02090919405240821,2026-02-20
2026-02-27,nifty_metal,0.18377529319967167,-0.019623156257813523,2026-02-27
2026-03-06,nifty_metal,0.13894622694190795,-0.05899363638782762,2026-03-06
2026-03-13,nifty_metal,0.07331936957783669,0.010648660615452776,2026-03-13
2026-03-20,nifty_metal,0.056134662895425125,-0.022001674388293813,2026-03-20
2026-03-27,nifty_pharma,-0.009885558595248756,-0.0335554663672849,2026-03-27
2026-04-03,nifty_metal,0.03260985426115037,0.07853995181202711,2026-04-03
2026-04-10,nifty_energy,0.08234499070020407,0.045922440745729265,2026-04-10
2026-04-17,nifty_energy,0.1747355327082618,0.026284825142901314,2026-04-17
2026-04-24,nifty_energy,0.13562787669750365,0.02175606146038911,2026-04-24
2026-05-01,nifty_energy,0.11851845898387592,0.0005862455432787961,2026-05-01
2026-05-08,nifty_energy,0.14242276137109222,-0.02399632315098299,2026-05-08
2026-05-15,nifty_metal,0.10931233180392197,-0.0021803528300753383,2026-05-15
2026-05-22,nifty_energy,0.0861758719368475,0.01591542270493651,2026-05-22
2026-05-29,nifty_energy,0.12550794175579694,-0.01301185081217282,2026-05-29
2026-06-05,nifty_metal,0.17083465934248387,-0.027768877543860482,2026-06-05
2026-06-12,nifty_media,0.13983603050644833,0.018687852436388486,2026-06-12
2026-06-19,nifty_realty,0.21151980129216197,0.017674559865044515,2026-06-19
2026-06-26,nifty_realty,0.2293557952887506,0.07812403968891823,2026-06-26
2026-07-03,nifty_realty,0.1732630724965014,0.053659618823522104,2026-07-03
2026-07-10,nifty_realty,0.1927817339754605,-0.021201751434612448,2026-07-10
2026-07-24,nifty_pharma,0.09800931112420974,0.038619249360104524,2026-07-24
2026-07-31,nifty_pharma,0.10055867913043515,0.00026380450555141266,2026-07-31
2026-08-07,nifty_it,0.13821166054414702,-0.0060210165385723435,2026-08-07
2026-08-14,nifty_it,0.08457414613056646,-0.02632523060487435,2026-08-14
2026-08-21,nifty_pharma,0.08272265253649214,0.023979727022259256,2026-08-21
2026-08-28,nifty_pharma,0.1131554388795104,-0.0190335233574197,2026-08-28
2026-09-04,nifty_it,0.10431092489409344,-0.05778275617006634,2026-09-04
2026-09-11,nifty_pharma,0.08471276080805046,0.0017657508813848644,2026-09-11
